,0
0,valley
1,girl
2,’
3,get
4,nothing
5,hikaru
6,come
7,fast
8,talk
9,valley
10,girl
11,’
12,go
13,nothing
14,hikaru
15,come
16,fast
17,talk
18,know
19,original
20,valley
21,girl
22,could
23,use
24,term
25,“
26,like
27,”
28,10
29,time
30,9
31,word
32,sentence
33,wish
34,know
35,remove
36,dementia
37,cause
38,wife
39,'m
40,care
41,giver
42,favourite
43,person
44,chess
45,world
46,favourite
47,laszlo
48,polgar
49,think
50,master
51,creative
52,puzzle
53,master
54,social
55,commentary
56,insofar
57,raise
58,daughter
59,without
60,sexist
61,view
62,girl
63,woman
64,play
65,chess
66,different
67,boys
68,men
69,favourite
70,person
71,chess
72,world
73,favourite
74,laszlo
75,polgar
76,think
77,master
78,creative
79,puzzle
80,master
81,social
82,commentary
83,insofar
84,raise
85,daughter
86,without
87,sexist
88,view
89,girl
90,woman
91,play
92,chess
93,different
94,boys
95,men
96,think
97,laszlo
98,polgar
99,chess
100,player
101,fact
102,accord
103,docu
104,novice
105,best
106,know
107,raise
108,child
109,best
110,woman
111,chess
112,player
113,world
114,think
115,laszlo
116,polgar
117,chess
118,player
119,fact
120,accord
121,docu
122,novice
123,best
124,know
125,raise
126,child
127,best
128,woman
129,chess
130,player
131,world
132,think
133,laszlo
134,polgar
135,chess
136,player
137,fact
138,accord
139,docu
140,novice
141,best
142,know
143,raise
144,child
145,best
146,woman
147,chess
148,player
149,world
150,'ve
151,watch
152,movie
153,series
154,``
155,queens
156,gambit
157,''
158,existential
159,journey
160,young
161,girl
162,love
163,chess
164,playing
165,learning
166,good
167,chess
168,movie
169,authentic
170,title
171,alone
172,chess
173,course
174,also
175,life
176,education
177,even
178,music
179,see
180,find
181,scene
182,janitor
183,begin
184,look
185,awe
186,quite
187,moving.especially
188,ask
189,'s
190,good
191,respond
192,exceptional
193,girl
194,is.the
195,poor
196,thing
197,tragedy
198,wo
199,n't
200,give
201,anything
202,away
203,root
204,....
205,great
206,show
207,oliver
208,mother
209,n't
210,love
211,unfortunately
212,daughter
213,really
214,really
215,care
216,win
217,'s
218,go
219,love
220,get
221,level
222,beat
223,non-negligible
224,percentage
225,peer
226,unfortunately
227,daughter
228,really
229,really
230,care
231,win
232,'s
233,go
234,love
235,get
236,level
237,beat
238,non-negligible
239,percentage
240,peer
241,wish
242,know
243,remove
244,dementia
245,cause
246,wife
247,'m
248,care
249,giver
250,haha
251,spike
252,'s
253,lockdown
254,start
255,scotland
256,furlough
257,girlfriend
258,work
259,dissertation
260,load
261,time
262,hand
263,people
264,watch
265,anything
266,covid
267,actually
268,see
269,people
270,play
271,part
272,paul
273,morphy
274,capablanca
275,bobby
276,fischer
277,one
278,``
279,let
280,'s
281,make
282,drama
283,instead
284,main
285,character
286,trodden
287,girl
288,parent
289,good
290,run
291,ability
292,math
293,good
294,chess
295,''
296,sister
297,gon
298,na
299,make
300,platter
301,dirt
302,cake
303,...
304,sad
305,thing
306,n't
307,think
308,'s
309,go
310,happen
311,'m
312,exactly
313,position
314,hard
315,figure
316,agree
317,play
318,lot
319,10
320,minute
321,game
322,lose
323,time
324,lot
325,wish
326,straight
327,15
328,minute
329,time
330,limit
331,also
332,distract
333,phone
334,call
335,wife
336,talk
337,etc
338,n't
339,help
340,look
341,good
342,sister
343,really
344,great
345,job
346,mother
347,'s
348,mate
349,finish
350,watch
351,buy
352,read
353,book
354,first
355,awesome
356,movie
357,good
358,job
359,follow
360,book
361,kasparov
362,advise
363,get
364,right
365,atmosphere
366,tournament
367,anya
368,taylor-joy
369,play
370,beth
371,harmon
372,old
373,great
374,isla
375,johnston
376,play
377,young
378,girl
379,excellent
380,movie
381,problem
382,keep
383,stop
384,make
385,want
386,play
387,game
388,many
389,woman
390,er
391,chess.com
392,wat
393,nowadays
394,lose
395,terribly
396,wim
397,'m
398,woman
399,'ve
400,play
401,casually
402,year
403,'m
404,almost
405,70
406,year
407,old
408,n't
409,play
410,chess
411,watch
412,queen
413,'s
414,gambit
415,netflix
416,return
417,site
418,solve
419,11
420,chess
421,problem
422,5
423,minute
424,puzzle
425,rush
426,bad
427,casual
428,player
429,right
430,'m
431,woman
432,'ve
433,play
434,casually
435,year
436,'m
437,almost
438,70
439,year
440,old
441,n't
442,play
443,chess
444,watch
445,queen
446,'s
447,gambit
448,netflix
449,return
450,site
451,solve
452,11
453,chess
454,problem
455,5
456,minute
457,puzzle
458,rush
459,bad
460,casual
461,player
462,right
463,``
464,chess
465,like
466,real
467,life
468,man
469,take
470,thing
471,slowly
472,woman
473,whatever
474,want
475,''
476,``
477,chess
478,like
479,real
480,life
481,man
482,take
483,thing
484,slowly
485,woman
486,whatever
487,want
488,''
489,``
490,chess
491,like
492,real
493,life
494,man
495,take
496,thing
497,slowly
498,woman
499,whatever
500,want
501,''
502,recently
503,opportunity
504,score
505,7-5
506,title
507,player
508,bullet
509,chess.com
510,6-4
511,10
512,game
513,cm
514,1-1
515,wgm
516,win
517,wgm
518,dance
519,girl
520,soul
521,train
522,n't
523,know
524,much
525,top
526,chess
527,player
528,really
529,read
530,biography
531,fischer
532,seem
533,like
534,least
535,departure
536,100
537,chess
538,interest
539,seem
540,exercise
541,gain
542,advantage
543,tournament
544,chess
545,hobby
546,girlfriend
547,real
548,friend
549,would
550,take
551,velcro
552,chess
553,set
554,everywhere
555,work
556,um
557,look
558,girl
559,one
560,day
561,24
562,hour
563,30
564,min
565,30
566,min
567,uh
568,get
569,incredible
570,show
571,regardless
572,encourage
573,female
574,chess
575,player
576,quit
577,chess
578,reach
579,adulthood
580,also
581,reason
582,take
583,pill
584,addict
585,n't
586,could
587,still
588,play
589,without
590,pill
591,win
592,enough
593,men
594,woman
595,play
596,chess
597,happen
598,muzychuk
599,sister
600,get
601,together
602,...
603,beth
604,daughter
605,reclaim
606,beth
607,'s
608,title
609,world
610,champion
611,bizarreguest
612,swear
613,adult
614,theme
615,drug
616,addiction
617,sex
618,think
619,rat
620,15
621,happy
622,watch
623,11
624,year
625,old
626,daughter
627,really
628,depend
629,'s
630,hedonistic
631,think
632,theme
633,handle
634,appropriately
635,bizarreguest
636,swear
637,adult
638,theme
639,drug
640,addiction
641,sex
642,think
643,rat
644,15
645,happy
646,watch
647,11
648,year
649,old
650,daughter
651,really
652,depend
653,'s
654,hedonistic
655,think
656,theme
657,handle
658,appropriately
659,lass
660,well
661,know
662,crazy
663,chessplayers
664,chick
665,current
666,beth
667,harmon
668,popularity
669,make
670,chess
671,even
672,cooler
673,'d
674,think
675,official
676,fide
677,picture
678,id
679,proving
680,'re
681,chess
682,master
683,would
684,come
685,mighty
686,handy
687,local
688,bar
689,oh
690,wait
691,bar
692,close
693,nevermind
694,...
695,well
696,know
697,crazy
698,chessplayers
699,chick
700,current
701,beth
702,harmon
703,popularity
704,make
705,chess
706,even
707,cooler
708,'d
709,think
710,official
711,fide
712,picture
713,id
714,proving
715,'re
716,chess
717,master
718,would
719,come
720,mighty
721,handy
722,local
723,bar
724,oh
725,wait
726,bar
727,close
728,nevermind
729,...
730,confuse
731,case
732,mean
733,men
734,physically
735,strong
736,woman
737,yes
738,separate
739,chess
740,reason
741,woman
742,bad
743,men
744,chess
745,hope
746,change
747,explain
748,title
749,woman
750,easy
751,get
752,hear
753,due
754,different
755,thought
756,process
757,something
758,category
759,help
760,woman
761,compete
762,n't
763,know
764,women
765,allow
766,participate
767,tournament
768,men
769,except
770,world
771,champion
772,decide
773,tournament
774,like
775,candidate
776,world
777,cup
778,etc
779,...
780,think
781,elect
782,one
783,man
784,champion
785,one
786,woman
787,champion
788,harm
789,lot
790,strong
791,female
792,player
793,compete
794,woman
795,'s
796,title
797,judit
798,polgar
799,famous
800,among
801,insult
802,title
803,'woman
804,add
805,rating
806,require
807,low
808,basically
809,imply
810,woman
811,need
812,low
813,standard
814,achieve
815,status
816,men
817,reason
818,woman
819,compete
820,men
821,game
822,cerebral
823,chess
824,existence
825,segregated
826,competition
827,encourage
828,view
829,women
830,allow
831,participate
832,tournament
833,men
834,except
835,world
836,champion
837,decide
838,tournament
839,like
840,candidate
841,world
842,cup
843,etc
844,...
845,think
846,elect
847,one
848,man
849,champion
850,one
851,woman
852,champion
853,harm
854,judit
855,'s
856,peak
857,top
858,8
859,world
860,person
861,top
862,99.9999999999999999
863,percentile
864,player
865,era
866,consider
867,top
868,rat
869,anyway
870,premise
871,remove
872,woman
873,'s
874,title
875,chess
876,idea
877,woman
878,become
879,world
880,champion
881,point
882,woman
883,become
884,world
885,champion
886,'s
887,lack
888,strong
889,female
890,player
891,compete
892,top
893,level
894,'s
895,need
896,separate
897,woman
898,'s
899,title
900,1400
901,year
902,human
903,engage
904,intellectual
905,war
906,chess
907,chess
908,require
909,great
910,memory
911,ability
912,calculate
913,many
914,possible
915,variation
916,mental
917,capacity
918,predict
919,opponent
920,’
921,next
922,move
923,chess
924,become
925,synonymous
926,intellect
927,women
928,underrepresented
929,high
930,level
931,sport
932,despite
933,evidence
934,difference
935,general
936,intelligence
937,sex
938,fide
939,international
940,chess
941,federation
942,begin
943,rank
944,world
945,’
946,top
947,100
948,best
949,chess
950,player
951,1971
952,three
953,woman
954,ever
955,appear
956,list
957,davidc2
958,three
959,main
960,school
961,thought
962,topic
963,argue
964,underrepresentation
965,cause
966,gender
967,stereotype
968,people
969,say
970,woman
971,perform
972,bad
973,due
974,societal
975,expectation
976,others
977,believe
978,issue
979,simple
980,woman
981,’
982,interested
983,chess
984,thus
985,low
986,participation
987,rate
988,sport
989,translate
990,less
991,high
992,level
993,female
994,chess
995,player
996,finally
997,third
998,theory
999,men
1000,innate
1001,advantage
1002,biology
1003,men
1004,innate
1005,advantage
1006,come
1007,powerlifting
1008,men
1009,may
1010,innate
1011,advantage
1012,chess
1013,let
1014,sum
1015,...
1016,field
1017,lot
1018,woman
1019,men
1020,'s
1021,absolutely
1022,fineif
1023,field
1024,lot
1025,men
1026,woman
1027,become
1028,``
1029,complex
1030,situation
1031,''
1032,must
1033,resolve
1034,girl
1035,follow
1036,way
1037,bathrrom
1038,saw
1039,sighn
1040,boys
1041,turn
1042,around
1043,nah
1044,girl
1045,dirty
1046,mind
1047,ask
1048,well
1049,even
1050,boys
1051,girl
1052,follow
1053,way
1054,bathrrom
1055,saw
1056,sighn
1057,boys
1058,turn
1059,around
1060,nah
1061,girl
1062,dirty
1063,mind
1064,ask
1065,well
1066,even
1067,boys
1068,girl
1069,follow
1070,way
1071,bathrrom
1072,saw
1073,sighn
1074,boys
1075,turn
1076,around
1077,nah
1078,girl
1079,dirty
1080,mind
1081,ask
1082,well
1083,even
1084,boys
1085,1400
1086,year
1087,human
1088,engage
1089,intellectual
1090,war
1091,chess
1092,chess
1093,require
1094,great
1095,memory
1096,ability
1097,calculate
1098,many
1099,possible
1100,variation
1101,mental
1102,capacity
1103,predict
1104,opponent
1105,’
1106,next
1107,move
1108,chess
1109,become
1110,synonymous
1111,intellect
1112,women
1113,underrepresented
1114,high
1115,level
1116,sport
1117,despite
1118,evidence
1119,difference
1120,general
1121,intelligence
1122,sex
1123,fide
1124,international
1125,chess
1126,federation
1127,begin
1128,rank
1129,world
1130,’
1131,top
1132,100
1133,best
1134,chess
1135,player
1136,1971
1137,three
1138,woman
1139,ever
1140,appear
1141,list
1142,davidc2
1143,three
1144,main
1145,school
1146,thought
1147,topic
1148,argue
1149,underrepresentation
1150,cause
1151,gender
1152,stereotype
1153,people
1154,say
1155,woman
1156,perform
1157,bad
1158,due
1159,societal
1160,expectation
1161,others
1162,believe
1163,issue
1164,simple
1165,woman
1166,’
1167,interested
1168,chess
1169,thus
1170,low
1171,participation
1172,rate
1173,sport
1174,translate
1175,less
1176,high
1177,level
1178,female
1179,chess
1180,player
1181,finally
1182,third
1183,theory
1184,men
1185,innate
1186,advantage
1187,biology
1188,men
1189,innate
1190,advantage
1191,come
1192,powerlifting
1193,men
1194,may
1195,innate
1196,advantage
1197,chess
1198,picture
1199,woman
1200,chess
1201,player
1202,picture
1203,woman
1204,chess
1205,player
1206,picture
1207,woman
1208,chess
1209,player
1210,well
1211,one
1212,stop
1213,woman
1214,become
1215,gm
1216,n't
1217,feel
1218,need
1219,put
1220,pic
1221,female
1222,gm
1223,n't
1224,see
1225,point
1226,it.i
1227,fan
1228,magnus
1229,carlsen
1230,put
1231,anyone
1232,'s
1233,photo
1234,profile
1235,day
1236,female
1237,gm
1238,become
1239,strong
1240,sure
1241,keep
1242,photo
1243,n't
1244,mind
1245,indian
1246,fellow
1247,respond
1248,every
1249,thread
1250,'ve
1251,see
1252,even
1253,remotely
1254,talk
1255,woman
1256,'s
1257,chess
1258,dismissive
1259,air
1260,see
1261,say
1262,like
1263,idea
1264,'s
1265,something
1266,get
1267,behind
1268,well
1269,one
1270,stop
1271,woman
1272,become
1273,gm
1274,n't
1275,feel
1276,need
1277,put
1278,pic
1279,female
1280,gm
1281,n't
1282,see
1283,point
1284,it.i
1285,fan
1286,magnus
1287,carlsen
1288,put
1289,anyone
1290,'s
1291,photo
1292,profile
1293,day
1294,female
1295,gm
1296,become
1297,strong
1298,sure
1299,keep
1300,photo
1301,chess
1302,mind
1303,game
1304,physical
1305,game
1306,woman
1307,men
1308,equal
1309,reason
1310,...
1311,n't
1312,mind
1313,indian
1314,fellow
1315,respond
1316,every
1317,thread
1318,'ve
1319,see
1320,even
1321,remotely
1322,talk
1323,woman
1324,'s
1325,chess
1326,dismissive
1327,air
1328,see
1329,say
1330,like
1331,idea
1332,'s
1333,something
1334,get
1335,behind
1336,n't
1337,mind
1338,indian
1339,fellow
1340,respond
1341,every
1342,thread
1343,'ve
1344,see
1345,even
1346,remotely
1347,talk
1348,woman
1349,'s
1350,chess
1351,dismissive
1352,air
1353,see
1354,say
1355,like
1356,idea
1357,'s
1358,something
1359,get
1360,behind
1361,chess
1362,mind
1363,game
1364,physical
1365,game
1366,woman
1367,men
1368,equal
1369,reason
1370,...
1371,well
1372,one
1373,stop
1374,woman
1375,become
1376,gm
1377,n't
1378,feel
1379,need
1380,put
1381,pic
1382,female
1383,gm
1384,n't
1385,see
1386,point
1387,it.i
1388,fan
1389,magnus
1390,carlsen
1391,put
1392,anyone
1393,'s
1394,photo
1395,profile
1396,day
1397,female
1398,gm
1399,become
1400,strong
1401,sure
1402,keep
1403,photo
1404,woman
1405,distracted
1406,men
1407,compare
1408,hello
1409,guy
1410,rating
1411,woman
1412,grandmaster
1413,title
1414,become
1415,woman
1416,get
1417,title
1418,send
1419,private
1420,message
1421,paper
1422,due
1423,respect
1424,need
1425,proper
1426,outline
1427,focus
1428,succeed
1429,choose
1430,great
1431,topic
1432,need
1433,narrow
1434,scope
1435,little
1436,bit
1437,lot
1438,information
1439,keep
1440,proper
1441,focus
1442,crucial
1443,best
1444,way
1445,make
1446,research
1447,question
1448,3
1449,question
1450,go
1451,find
1452,answer
1453,along
1454,way
1455,tell
1456,story
1457,1960´s
1458,cold
1459,war
1460,backdrop
1461,championship
1462,chess
1463,game
1464,change
1465,course
1466,history
1467,win
1468,formula
1469,good
1470,paper
1471,enjoy
1472,write
1473,research
1474,manage
1475,ace
1476,university
1477,history
1478,course
1479,one
1480,term
1481,paper
1482,win
1483,scholarship
1484,help
1485,pay
1486,tuition
1487,'s
1488,probably
1489,mom
1490,english
1491,teacher
1492,love
1493,literature
1494,grow
1495,household
1496,speaking
1497,write
1498,proper
1499,english
1500,mandatory
1501,mother
1502,good
1503,writer
1504,somehow
1505,little
1506,bit
1507,stardust
1508,land
1509,shoulders.the
1510,reason
1511,'m
1512,willing
1513,help
1514,'ve
1515,social
1516,distancing
1517,since
1518,january
1519,``
1520,social
1521,life
1522,''
1523,go
1524,grocery
1525,store
1526,rest
1527,time
1528,spend
1529,remote
1530,consulting
1531,surf
1532,web
1533,coffee
1534,break
1535,time
1536,right
1537,help
1538,write
1539,great
1540,paper
1541,years
1542,ago
1543,someone
1544,help
1545,school
1546,felt
1547,stuck
1548,try
1549,finish
1550,project
1551,'s
1552,turn
1553,help
1554,someone
1555,discuss
1556,idea
1557,forum
1558,also
1559,send
1560,private
1561,message
1562,want
1563,keep
1564,confidential
1565,'re
1566,oklahoma
1567,brother
1568,go
1569,school
1570,texas
1571,'ve
1572,never
1573,west
1574,see
1575,grand
1576,canyon
1577,airplane
1578,fly
1579,cali
1580,business
1581,trip
1582,wife
1583,past
1584,beginner
1585,beat
1586,bot
1587,noam
1588,rat
1589,2200
1590,seriously
1591,mess
1592,go
1593,move
1594,bot
1595,make
1596,one
1597,egregiously
1598,bad
1599,move
1600,another
1601,give
1602,one
1603,example
1604,one
1605,point
1606,game
1607,+20
1608,next
1609,move
1610,face
1611,mate
1612,2
1613,wife
1614,miss
1615,eventually
1616,win
1617,game
1618,anyway
1619,look
1620,pretty
1621,normal
1622,...
1623,n't
1624,see
1625,butt
1626,out-
1627,walk
1628,downtown
1629,anywhere
1630,woman
1631,wear
1632,yoga
1633,pant
1634,big
1635,deal
1636,realize
1637,fort
1638,wayne
1639,4
1640,time
1641,indiana
1642,state
1643,champion
1644,fm
1645,jim
1646,dean
1647,also
1648,strong
1649,junior
1650,name
1651,daniel
1652,gater.and
1653,think
1654,indiana
1655,state
1656,girl
1657,champion
1658,emily
1659,tallo
1660,live
1661,well.from
1662,understand
1663,dean
1664,give
1665,face
1666,face
1667,lessons.if
1668,want
1669,get
1670,info
1671,contact
1672,people
1673,find
1674,out.i
1675,basically
1676,know
1677,everyone
1678,indiana
1679,chess
1680,scene
1681,thats
1682,active
1683,tournaments.do
1684,also
1685,know
1686,us
1687,open
1688,come
1689,indianapolis
1690,august
1691,im
1692,excited.especially
1693,since
1694,win
1695,free
1696,entry
1697,win
1698,indiana
1699,class
1700,b
1701,state
1702,championship
1703,last
1704,weekend.anyway
1705,nice
1706,meet
1707,name
1708,chris
1709,im
1710,kokomo
1711,n't
1712,see
1713,thread
1714,discuss
1715,teimour
1716,radjabov
1717,'s
1718,comment
1719,skilling
1720,open
1721,seem
1722,try
1723,cancel
1724,popular
1725,female
1726,streamer
1727,tell
1728,others
1729,``
1730,n't
1731,need
1732,gms
1733,follow
1734,stream
1735,''
1736,also
1737,mock
1738,name
1739,another
1740,popular
1741,chinese
1742,american
1743,female
1744,streamer
1745,whether
1746,bad
1747,joke
1748,serious
1749,comment
1750,necessitate
1751,least
1752,response
1753,support
1754,female
1755,streamer
1756,leader
1757,chess.com
1758,edit
1759,qiyu
1760,american
1761,'s
1762,canadian
1763,wishful
1764,thinking
1765,botez
1766,sister
1767,incorrectly
1768,use
1769,``
1770,chat
1771,''
1772,since
1773,'s
1774,way
1775,popular
1776,chess
1777,hence
1778,get
1779,view
1780,n't
1781,get
1782,anyone
1783,defend
1784,pretty
1785,hardcore
1786,feminist
1787,defend
1788,honest
1789,cool
1790,series
1791,wife
1792,enjoy
1793,greatly
1794,know
1795,nothing
1796,chess
1797,even
1798,watch
1799,second
1800,time
1801,send
1802,mod
1803,private
1804,message
1805,ask
1806,mute
1807,...
1808,sure
1809,use
1810,lot
1811,profanity
1812,say
1813,something
1814,mother
1815,'m
1816,pretty
1817,sure
1818,would
1819,fast
1820,way
1821,recently
1822,watch
1823,video
1824,day
1825,agree
1826,political
1827,viewpoint
1828,dinesh
1829,thing
1830,n't
1831,get
1832,right
1833,video
1834,home
1835,country
1836,polgar
1837,sister
1838,like
1839,take
1840,series
1841,one
1842,thing
1843,bother
1844,show
1845,america
1846,'s
1847,great
1848,player
1849,completely
1850,write
1851,history
1852,bobby
1853,dominate
1854,world
1855,chess
1856,1960s
1857,'s
1858,disappear
1859,favor
1860,young
1861,girl
1862,'s
1863,completely
1864,unbelievable
1865,player
1866,igor
1867,make
1868,nothing
1869,mocking
1870,disparage
1871,comment
1872,direct
1873,chess
1874,woman
1875,time
1876,ban
1877,troll
1878,account
1879,half
1880,sister
1881,’
1882,brother
1883,’
1884,daughter
1885,’
1886,grandchild
1887,’
1888,watermelon
1889,would
1890,like
1891,b1
1892,half
1893,sister
1894,’
1895,brother
1896,’
1897,daughter
1898,’
1899,grandchild
1900,’
1901,watermelon
1902,would
1903,like
1904,b1
1905,half
1906,sister
1907,’
1908,brother
1909,’
1910,daughter
1911,’
1912,grandchild
1913,’
1914,watermelon
1915,would
1916,like
1917,b1
1918,n't
1919,think
1920,would
1921,work
1922,way
1923,reliably
1924,identify
1925,woman
1926,part
1927,ritual
1928,think
1929,think
1930,think
1931,move
1932,piece
1933,press
1934,clock
1935,write
1936,move
1937,slurp
1938,coffee
1939,wipe
1940,coffee
1941,shirt
1942,look
1943,around
1944,pretty
1945,girl
1946,refocus
1947,think
1948,opponent
1949,reply
1950,realise
1951,blunder
1952,resign
1953,oh
1954,kind
1955,yes
1956,igor
1957,offend
1958,name
1959,mother
1960,good
1961,catholic
1962,lady
1963,igor
1964,feel
1965,need
1966,show
1967,anger
1968,igor
1969,wrong
1970,world
1971,big
1972,life
1973,short
1974,igor
1975,welcome
1976,retain
1977,offensive
1978,name
1979,igor
1980,right
1981,judge
1982,sister
1983,site
1984,chess.com
1985,set
1986,specifically
1987,kid
1988,worth
1989,check
1990,anyway
1991,...
1992,highjack
1993,thread
1994,wim
1995,susik_gaboyan
1996,know
1997,quality
1998,resource
1999,classical
2000,sicilian
2001,occasional
2002,sicilian
2003,player
2004,year
2005,since
2006,hear
2007,play
2008,classically
2009,first
2010,last
2011,6
2012,month
2013,though
2014,find
2015,enjoy
2016,play
2017,also
2018,look
2019,make
2020,sicilian
2021,main
2022,defense
2023,classical
2024,n't
2025,seem
2026,get
2027,much
2028,attention
2029,though
2030,imagine
2031,call
2032,girl
2033,``
2034,mate
2035,''
2036,woman
2037,still
2038,hold
2039,stereotypical
2040,view
2041,guy
2042,play
2043,chess
2044,nerdy
2045,unattractive
2046,actually
2047,play
2048,chess
2049,effect
2050,someone
2051,'s
2052,personality
2053,lol
2054,santa
2055,'s
2056,wife
2057,high
2058,rat
2059,two
2060,color
2061,man
2062,woman
2063,",1and"
2064,0
2065,king
2066,queen
2067,wife
2068,husband
2069,figure
2070,child
2071,family
2072,computer
2073,science
2074,1
2075,0
2076,full
2077,empty
2078,charge
2079,discharge
2080,condition
2081,bit
2082,8
2083,bit
2084,female
2085,nature
2086,3d
2087,printer
2088,embrion
2089,create
2090,together
2091,material
2092,male
2093,child
2094,branch
2095,binary
2096,tree
2097,n't
2098,frugs
2099,melt
2100,brane
2101,dueds
2102,thatis
2103,unimployed
2104,dont
2105,ghet
2106,pay
2107,hippee
2108,use
2109,drhugs
2110,quit
2111,dueds
2112,life
2113,short
2114,presious
2115,man
2116,theese
2117,stuped
2118,politicans
2119,need
2120,fix
2121,law
2122,man
2123,alweys
2124,sthnad
2125,teh
2126,flag
2127,neel
2128,befoer
2129,god
2130,....
2131,drop
2132,youer
2133,taco
2134,arhe
2135,makin
2136,china
2137,rich
2138,skynard
2139,rokcs
2140,freebird
2141,every
2142,budy
2143,classffify
2144,everthting
2145,bre
2146,free
2147,put
2148,sheogaze
2149,rock
2150,dueds
2151,jsut
2152,realx
2153,ok
2154,rating
2155,number
2156,losees
2157,gettingh
2158,yhour
2159,king
2160,othir
2161,side
2162,man
2163,dueds
2164,cownsiling
2165,kind
2166,matirs
2167,also
2168,see
2169,ask
2170,lenny
2171,blogg
2172,dueds
2173,espeshilly
2174,whant
2175,lady
2176,dueds
2177,cahn
2178,help
2179,yoe
2180,matteirs
2181,ofthe
2182,heart
2183,finance
2184,cookeing
2185,eahting
2186,taco
2187,coerse
2188,ches
2189,duesds
2190,watch
2191,netflix
2192,miniserie
2193,queen
2194,gambit
2195,prety
2196,girl
2197,real
2198,good
2199,chess
2200,player
2201,fail
2202,pretty
2203,good
2204,chess
2205,player
2206,think
2207,impossible
2208,irl
2209,willing
2210,date
2211,smart
2212,pretty
2213,girl
2214,dumb
2215,ugly
2216,old
2217,guy
2218,like
2219,smart
2220,pretty
2221,girl
2222,assume
2223,playing
2224,chess
2225,sign
2226,intelligence
2227,...
2228,dumb
2229,ugly
2230,old
2231,guy
2232,like
2233,smart
2234,pretty
2235,girl
2236,assume
2237,playing
2238,chess
2239,sign
2240,intelligence
2241,...
2242,book
2243,definitely
2244,unattractive
2245,young
2246,girl
2247,felt
2248,way
2249,never
2250,become
2251,stunning
2252,good
2253,looker
2254,get
2255,impression
2256,book
2257,attractive
2258,young
2259,woman
2260,elegant
2261,gorgeous
2262,character
2263,movie
2264,agree
2265,help
2266,chess
2267,definitely
2268,improve
2269,play
2270,thousand
2271,game
2272,puzzle
2273,still
2274,far
2275,wcm
2276,thing
2277,brain
2278,hugely
2279,different
2280,hear
2281,brain
2282,differentiate
2283,10-20
2284,time
2285,thanks
2286,think
2287,movie
2288,n't
2289,cover
2290,back
2291,story
2292,character
2293,well
2294,particularly
2295,adopt
2296,mother
2297,history
2298,also
2299,addiction
2300,problem
2301,sorry
2302,phone
2303,book
2304,cover
2305,adopted
2306,mother
2307,detail
2308,come
2309,think
2310,mother
2311,problem
2312,raise
2313,many
2314,unanswered
2315,question
2316,book
2317,attempt
2318,close
2319,thanks
2320,think
2321,movie
2322,n't
2323,cover
2324,back
2325,story
2326,character
2327,well
2328,particularly
2329,adopt
2330,mother
2331,history
2332,also
2333,addiction
2334,problem
2335,understand
2336,origin
2337,beth
2338,'s
2339,addiction
2340,issue
2341,question
2342,regard
2343,two
2344,mother
2345,understand
2346,many
2347,reason
2348,may
2349,appear
2350,film
2351,interested
2352,whether
2353,book
2354,go
2355,great
2356,depth
2357,fact
2358,set
2359,parent
2360,biological
2361,adopt
2362,seem
2363,uninterested
2364,responsibility
2365,towards
2366,young
2367,beth
2368,strike
2369,strong
2370,theme
2371,something
2372,else
2373,absent
2374,misogyny
2375,completely
2376,absent
2377,film
2378,give
2379,period
2380,hard
2381,believe
2382,book
2383,realistic
2384,regard
2385,lot
2386,people
2387,complain
2388,chess
2389,supposedly
2390,``
2391,sexist
2392,''
2393,male
2394,female
2395,player
2396,different
2397,title
2398,gender
2399,exclusive
2400,tournament
2401,tennis
2402,even
2403,bad
2404,men
2405,woman
2406,play
2407,different
2408,professional
2409,circuit
2410,woman
2411,need
2412,win
2413,2
2414,set
2415,instead
2416,3
2417,basically
2418,say
2419,woman
2420,'s
2421,tennis
2422,entertain
2423,watch
2424,long
2425,period
2426,time
2427,woman
2428,n't
2429,endurance
2430,stamen
2431,play
2432,long
2433,men
2434,sorry
2435,hear
2436,mother
2437,klara
2438,kasparova
2439,die
2440,recently
2441,apparently
2442,die
2443,moscow
2444,covid
2445,19
2446,rest
2447,peace
2448,people
2449,ask
2450,proof
2451,'s
2452,link
2453,tweet
2454,kasparov
2455,announce
2456,mother
2457,'s
2458,passing
2459,include
2460,tribute
2461,thread
2462,notice
2463,december
2464,25th
2465,christmas
2466,day
2467,make
2468,even
2469,sad
2470,rest
2471,peace
2472,klara
2473,would
2474,like
2475,send
2476,condolence
2477,kasparov
2478,family
2479,loss
2480,garry
2481,'s
2482,mother
2483,must
2484,proud
2485,son
2486,throughout
2487,life
2488,would
2489,make
2490,well-lived
2491,life
2492,people
2493,ask
2494,proof
2495,'s
2496,link
2497,tweet
2498,kasparov
2499,announce
2500,mother
2501,'s
2502,passing
2503,include
2504,tribute
2505,thread
2506,notice
2507,december
2508,25th
2509,christmas
2510,day
2511,make
2512,even
2513,sad
2514,rest
2515,peace
2516,klara
2517,people
2518,ask
2519,proof
2520,'s
2521,link
2522,tweet
2523,kasparov
2524,announce
2525,mother
2526,'s
2527,passing
2528,include
2529,tribute
2530,thread
2531,notice
2532,december
2533,25th
2534,christmas
2535,day
2536,make
2537,even
2538,sad
2539,rest
2540,peace
2541,klara
2542,girlfriend
2543,59
2544,bonjour
2545,à
2546,tous
2547,lorsque
2548,je
2549,joue
2550,en
2551,problème
2552,ou
2553,en
2554,leçons
2555,le
2556,pion
2557,font
2558,automatiquement
2559,une
2560,promotion
2561,en
2562,dame
2563,cependant
2564,c'est
2565,parfois
2566,problématique
2567,parce
2568,que
2569,dans
2570,certains
2571,problèmes
2572,et
2573,leçons
2574,il
2575,ne
2576,faut
2577,pa
2578,promouvoir
2579,en
2580,dame
2581,comment
2582,faire
2583,reminder
2584,free
2585,winter
2586,break
2587,chess
2588,camp
2589,starts
2590,tomorrowcome
2591,learn
2592,wgm
2593,tatev
2594,abrahamyan
2595,fm
2596,james
2597,eade
2598,wim
2599,rochelle
2600,wu
2601,many
2602,’
2603,free
2604,join
2605,daily
2606,chess
2607,musings
2608,club
2609,right
2610,chess.com
2611,register
2612,dailychessmusings.comsee
2613,tomorrow
2614,think
2615,qg
2616,really
2617,introduce
2618,game
2619,pretty
2620,terrible
2621,learn
2622,basic
2623,opening
2624,etc
2625,long
2626,non
2627,male
2628,world
2629,champion
2630,would
2631,take
2632,beth
2633,harmon
2634,like
2635,story
2636,even
2637,basically
2638,question
2639,get
2640,girl
2641,play
2642,non
2643,male
2644,world
2645,champion
2646,certainly
2647,near
2648,future
2649,...
2650,course
2651,happen
2652,time
2653,future
2654,get
2655,girl
2656,play
2657,simply
2658,spread
2659,awareness
2660,....
2661,thats
2662,thing
2663,think
2664,player
2665,wgm
2666,300
2667,rating
2668,stop
2669,devalue
2670,player
2671,actually
2672,legitimate
2673,wgms
2674,nemsko
2675,hand
2676,fake
2677,title
2678,would
2679,nice
2680,could
2681,somehow
2682,convert
2683,chess
2684,money
2685,could
2686,afford
2687,pay
2688,plan
2689,site
2690,could
2691,afford
2692,spend
2693,time
2694,chess
2695,way
2696,one
2697,best
2698,think
2699,female
2700,success
2701,go
2702,onto
2703,twitch
2704,since
2705,female
2706,chess
2707,really
2708,well
2709,male
2710,master
2711,part
2712,order
2713,make
2714,living
2715,pokimane
2716,popular
2717,streamer
2718,wgm
2719,joke
2720,likely
2721,take
2722,away
2723,pogchamps
2724,one
2725,thing
2726,give
2727,false
2728,title
2729,master
2730,popular
2731,streamer
2732,another
2733,give
2734,real
2735,life
2736,title
2737,wgm
2738,someone
2739,n't
2740,earn
2741,title
2742,fair
2743,towards
2744,spend
2745,year
2746,even
2747,decade
2748,earn
2749,title
2750,'s
2751,mockery
2752,hey
2753,care
2754,think
2755,n't
2756,get
2757,titled
2758,indicator
2759,may
2760,easy
2761,way
2762,set
2763,streamer
2764,tournament
2765,'s
2766,probably
2767,pokimane
2768,currently
2769,wgm
2770,title
2771,well
2772,tournament
2773,may
2774,revert
2775,premium
2776,diamond
2777,membership
2778,like
2779,xqcow1
2780,literally
2781,play
2782,otb
2783,gms
2784,family
2785,member
2786,friend
2787,family
2788,country
2789,around
2790,world
2791,little
2792,girl
2793,perhaps
2794,show
2795,mercy
2796,crush
2797,offer
2798,draw
2799,end
2800,good
2801,sportsmanship
2802,rating
2803,drop
2804,200
2805,point
2806,switch
2807,trackpad
2808,mouse
2809,apparently
2810,technological
2811,advantage
2812,big
2813,intellectual
2814,skill
2815,primarily
2816,end
2817,game
2818,go
2819,win
2820,position
2821,lose
2822,time
2823,ca
2824,n't
2825,move
2826,fast
2827,enough.other
2828,reason
2829,suspect
2830,play
2831,less
2832,tire
2833,inflow
2834,good
2835,female
2836,player
2837,see
2838,queen
2839,'s
2840,gambit
2841,fair
2842,enough
2843,wfm
2844,alexandra
2845,botez
2846,chess
2847,idol
2848,represent
2849,epitome
2850,strong
2851,intelligent
2852,chess
2853,female
2854,good
2855,moral
2856,value
2857,represent
2858,everything
2859,good
2860,chess
2861,serve
2862,excellent
2863,example
2864,young
2865,girl
2866,like
2867,competitive
2868,play
2869,level
2870,2300+
2871,blitz
2872,wfm
2873,alexandra
2874,botez
2875,chess
2876,idol
2877,represent
2878,epitome
2879,strong
2880,intelligent
2881,chess
2882,female
2883,good
2884,moral
2885,value
2886,represent
2887,everything
2888,good
2889,chess
2890,serve
2891,excellent
2892,example
2893,young
2894,girl
2895,like
2896,competitive
2897,play
2898,level
2899,2300+
2900,blitz
2901,wfm
2902,alexandra
2903,botez
2904,chess
2905,idol
2906,represent
2907,epitome
2908,strong
2909,intelligent
2910,chess
2911,female
2912,good
2913,moral
2914,value
2915,represent
2916,everything
2917,good
2918,chess
2919,serve
2920,excellent
2921,example
2922,young
2923,girl
2924,like
2925,competitive
2926,play
2927,level
2928,2300+
2929,blitz
2930,wfm
2931,alexandra
2932,botez
2933,chess
2934,idol
2935,represent
2936,epitome
2937,strong
2938,intelligent
2939,chess
2940,female
2941,good
2942,moral
2943,value
2944,represent
2945,everything
2946,good
2947,chess
2948,serve
2949,excellent
2950,example
2951,young
2952,girl
2953,like
2954,competitive
2955,play
2956,level
2957,2300+
2958,blitz
2959,think
2960,long
2961,learn
2962,something
2963,new
2964,desire
2965,use
2966,newly
2967,acquire
2968,knowledge
2969,perpetuate
2970,interest
2971,remember
2972,first
2973,time
2974,hold
2975,girl
2976,'s
2977,hand
2978,thrill
2979,...
2980,first
2981,time
2982,thrill
2983,begin
2984,wane
2985,kiss
2986,ignite
2987,passion
2988,desensitization
2989,human
2990,two
2991,edged-sword
2992,invite
2993,pioneer
2994,tames
2995,passion
2996,know
2997,become
2998,professional
2999,musician
3000,excitement
3001,master
3002,technique
3003,go
3004,thrill-seeking
3005,replace
3006,satisfaction
3007,...
3008,something
3009,new
3010,add
3011,say
3012,'re
3013,14
3014,year
3015,old
3016,girl
3017,already
3018,experience
3019,chess
3020,'re
3021,definitely
3022,old
3023,shoot
3024,wgm
3025,title
3026,no.i
3027,like
3028,girl
3029,mr.
3030,harding
3031,go
3032,try
3033,polite
3034,idea
3035,talk
3036,eveidently
3037,watch
3038,many
3039,movie
3040,speaking
3041,u.s.
3042,military
3043,people
3044,psychopathic
3045,killer
3046,honest
3047,patriotic
3048,hard
3049,working
3050,honorable
3051,people
3052,father
3053,mother
3054,son
3055,daughter
3056,never
3057,meet
3058,crazed
3059,blood
3060,thirsty
3061,psychopathic
3062,killer
3063,military
3064,one
3065,exist
3066,probably
3067,common
3068,military
3069,civilian
3070,society
3071,personality
3072,probably
3073,prohibitive
3074,sense
3075,someone
3076,n't
3077,enjoy
3078,puzzle
3079,solve
3080,example
3081,never
3082,bother
3083,spend
3084,enough
3085,time
3086,chess
3087,get
3088,good
3089,...
3090,force
3091,get
3092,good
3093,chess
3094,'d
3095,quit
3096,soon
3097,could
3098,...
3099,like
3100,sofia
3101,polgar
3102,call
3103,talented
3104,sister
3105,quit
3106,get
3107,gm
3108,title
3109,painter
3110,something
3111,personality
3112,probably
3113,prohibitive
3114,sense
3115,someone
3116,n't
3117,enjoy
3118,puzzle
3119,solve
3120,example
3121,never
3122,bother
3123,spend
3124,enough
3125,time
3126,chess
3127,get
3128,good
3129,...
3130,force
3131,get
3132,good
3133,chess
3134,'d
3135,quit
3136,soon
3137,could
3138,...
3139,like
3140,sofia
3141,polgar
3142,call
3143,talented
3144,sister
3145,quit
3146,get
3147,gm
3148,title
3149,painter
3150,something
3151,agree
3152,believe
3153,reasoning
3154,behind
3155,woman
3156,minority
3157,chess
3158,less
3159,female
3160,player
3161,less
3162,outlier
3163,want
3164,create
3165,equal
3166,amount
3167,titled
3168,player
3169,people
3170,also
3171,believe
3172,woman
3173,disadvantage
3174,chess
3175,way
3176,brain
3177,work
3178,something
3179,like
3180,strongly
3181,disagree
3182,many
3183,people
3184,say
3185,whole
3186,'womens
3187,title
3188,thing
3189,unfair
3190,men
3191,work
3192,harder
3193,title
3194,woman
3195,think
3196,'s
3197,unfair
3198,woman
3199,give
3200,impression
3201,woman
3202,less
3203,mentally
3204,capable
3205,play
3206,chess
3207,n't
3208,help
3209,gender
3210,gap
3211,either
3212,equal
3213,amount
3214,title
3215,give
3216,gender
3217,suppose
3218,one
3219,potential
3220,argument
3221,woman
3222,'s
3223,title
3224,give
3225,female
3226,chess
3227,player
3228,role
3229,model
3230,inspiration
3231,'s
3232,case
3233,low
3234,requirement
3235,moroccans
3236,somalis
3237,hawaiians
3238,'re
3239,minority
3240,chess
3241,n't
3242,make
3243,much
3244,sense
3245,...
3246,'s
3247,debate
3248,around
3249,since
3250,gm
3251,judit
3252,polgar
3253,wgm
3254,susan
3255,polgar
3256,sister
3257,sophie
3258,im
3259,believe
3260,reason
3261,time
3262,money
3263,woman
3264,title
3265,women
3266,around
3267,world
3268,n't
3269,access
3270,money
3271,time
3272,away
3273,family
3274,allow
3275,play
3276,male
3277,susan
3278,vocally
3279,promote
3280,female
3281,tournaments
3282,might
3283,want
3284,hear
3285,say
3286,true
3287,sport
3288,activity
3289,ignoring
3290,sport
3291,activity
3292,require
3293,strength
3294,speed
3295,would
3296,expect
3297,woman
3298,equal
3299,men
3300,however
3301,look
3302,sport
3303,like
3304,archery
3305,shoot
3306,olympics
3307,separate
3308,woman
3309,’
3310,competition
3311,likewise
3312,sport
3313,like
3314,snooker
3315,dart
3316,woman
3317,able
3318,compete
3319,alongside
3320,men
3321,theory
3322,able
3323,even
3324,story
3325,scrabble
3326,search
3327,world
3328,top
3329,scrabble
3330,player
3331,win
3332,’
3333,find
3334,many
3335,female
3336,amongst
3337,incorrect
3338,title
3339,exclude
3340,woman
3341,chess
3342,title
3343,exclude
3344,men
3345,gm
3346,everyone
3347,'s
3348,insult
3349,call
3350,wgm
3351,wim
3352,woman
3353,incorrect
3354,title
3355,exclude
3356,woman
3357,chess
3358,title
3359,exclude
3360,men
3361,gm
3362,everyone
3363,kasprov
3364,get
3365,divorce
3366,early
3367,2000s
3368,tragically
3369,aronian
3370,'s
3371,wife
3372,die
3373,less
3374,year
3375,ago
3376,young
3377,age
3378,...
3379,n't
3380,know
3381,mean
3382,say
3383,many
3384,marry
3385,anand
3386,marry
3387,forever
3388,kid
3389,n't
3390,know
3391,name
3392,wife
3393,crush
3394,enemy
3395,see
3396,drive
3397,hear
3398,lamentation
3399,woman
3400,im
3401,stick
3402,play
3403,work
3404,5pm
3405,830
3406,pm
3407,eastern
3408,time
3409,zone
3410,im
3411,usually
3412,pretty
3413,tierd
3414,could
3415,quit
3416,job
3417,study
3418,chess
3419,could
3420,improve
3421,alot
3422,wife
3423,would
3424,kill
3425,ahah
3426,look
3427,fide
3428,rating
3429,list
3430,download
3431,month
3432,back
3433,2020
3434,see
3435,low
3436,rat
3437,player
3438,title
3439,type
3440,fide
3441,awards
3442,title
3443,life
3444,unless
3445,remove
3446,cheat
3447,player
3448,rating
3449,decline
3450,advanced
3451,year
3452,others
3453,among
3454,low
3455,tile
3456,seem
3457,play
3458,game
3459,perhaps
3460,olympiad
3461,win
3462,enough
3463,game
3464,trigger
3465,title
3466,without
3467,gain
3468,rating.gm
3469,malinin
3470,vasily
3471,b.
3472,rus
3473,b
3474,1956
3475,2100im
3476,wazeer
3477,ahmad
3478,khan
3479,ind
3480,b
3481,1947
3482,1686fm
3483,malan
3484,jacques
3485,rsa
3486,b
3487,2003
3488,inactive
3489,1338wgm
3490,sabure
3491,tuduetso
3492,bot
3493,b
3494,1982
3495,1706cm
3496,peter
3497,noah
3498,rsa
3499,b
3500,2009
3501,inactive
3502,1125wfm
3503,razark
3504,sadiqah
3505,tto
3506,b
3507,1998
3508,inactive
3509,1136wim
3510,du
3511,plessis
3512,anika
3513,rsa
3514,b
3515,2000
3516,1541wcm
3517,liyanage
3518,r
3519,l
3520,mihini
3521,b
3522,sri
3523,b
3524,2008
3525,0wh
3526,vreeken
3527,corry
3528,ned
3529,b
3530,1928
3531,inactive
3532,2080wh
3533,honorary
3534,woman
3535,grand
3536,master
3537,texas
3538,’
3539,botez
3540,sister
3541,forefront
3542,unlikely
3543,booming
3544,partnership
3545,chess
3546,esports
3547,hum
3548,barbie
3549,girl
3550,throughout
3551,game
3552,hum
3553,barbie
3554,girl
3555,throughout
3556,game
3557,hej
3558,chess
3559,player
3560,name
3561,bruna
3562,tuzi
3563,schach_bruna
3564,wfm
3565,albania
3566,currently
3567,study
3568,germany
3569,part
3570,master
3571,thesis
3572,work
3573,topic
3574,relate
3575,chess
3576,purpose
3577,prepare
3578,questionnaire
3579,10
3580,different
3581,positions.10
3582,participates
3583,give
3584,10
3585,chessbase
3586,vouchers
3587,amount
3588,10
3589,25
3590,50
3591,euro.the
3592,link
3593,questionnaire
3594,one
3595,http
3596,//forms.gle/ftnmvusw8zjssqnx7thank
3597,advance
3598,take
3599,part
3600,survey
3601,every
3602,time
3603,ask
3604,decent
3605,chess
3606,player
3607,hobby
3608,get
3609,answer
3610,chess
3611,people
3612,play
3613,chess
3614,decent
3615,rating
3616,...
3617,put
3618,chess
3619,hobby
3620,even
3621,though
3622,cause
3623,....
3624,chess
3625,actually
3626,hobby
3627,would
3628,play
3629,often
3630,would
3631,n't
3632,brag
3633,time
3634,chess
3635,good
3636,game
3637,exercise
3638,brain
3639,consider
3640,something
3641,serious
3642,manner
3643,mean
3644,practice
3645,every
3646,single
3647,day
3648,ca
3649,n't
3650,take
3651,break
3652,one
3653,month
3654,come
3655,back
3656,next
3657,brain
3658,need
3659,time
3660,remember
3661,fact
3662,tell
3663,chess
3664,addict
3665,play
3666,week
3667,take
3668,seriously
3669,n't
3670,n't
3671,brag
3672,plus
3673,chess
3674,really
3675,important
3676,message
3677,mean
3678,every
3679,single
3680,audience
3681,meant
3682,people
3683,barely
3684,play
3685,barely
3686,care
3687,much
3688,say
3689,addict
3690,seriously
3691,hard
3692,core
3693,chess
3694,player
3695,say
3696,hobby
3697,actually
3698,play
3699,often
3700,n't
3701,say
3702,play
3703,fun
3704,n't
3705,pay
3706,attention
3707,move
3708,thinking
3709,chess
3710,important
3711,brag
3712,anyone
3713,''
3714,think
3715,move
3716,carefully
3717,sentence
3718,might
3719,change
3720,play
3721,low
3722,time
3723,thinking
3724,importnat
3725,n't
3726,rush
3727,move
3728,think
3729,person
3730,slowly
3731,run
3732,time
3733,hopefully
3734,good
3735,see
3736,'re
3737,rush
3738,beat
3739,think
3740,thank
3741,late
3742,know
3743,people
3744,rush
3745,game
3746,hope
3747,time
3748,run
3749,opponent
3750,lastly
3751,set
3752,high
3753,goal
3754,unrealistic
3755,hope
3756,gm
3757,5
3758,min
3759,5
3760,month
3761,and/or
3762,maybe
3763,5
3764,year
3765,low
3766,rating
3767,first
3768,set
3769,goal
3770,high
3771,rating
3772,hit
3773,around
3774,2600
3775,start
3776,set
3777,goal
3778,chess
3779,status
3780,like
3781,gm
3782,im
3783,cm
3784,and/or
3785,wim
3786,shut
3787,nihar
3788,hell
3789,bad
3790,word
3791,tell
3792,sister
3793,get
3794,life
3795,sister
3796,say
3797,english.dont
3798,know
3799,malyalam
3800,anyone
3801,clue
3802,could
3803,bobby
3804,fischer
3805,'s
3806,chess
3807,advice
3808,polgar
3809,sister
3810,hey
3811,err
3812,chess
3813,game
3814,get
3815,message
3816,someone
3817,ginger
3818,girl
3819,profile
3820,picture
3821,send
3822,message
3823,one
3824,big
3825,link
3826,say
3827,either
3828,earn
3829,gm
3830,title
3831,fide
3832,build
3833,huge
3834,channel
3835,streamer
3836,take
3837,part
3838,pogchamps
3839,case
3840,lead
3841,tournament
3842,chess.com
3843,may
3844,give
3845,gm
3846,wgm
3847,title
3848,chess.com
3849,help
3850,learning
3851,tool
3852,latter
3853,case
3854,'ll
3855,take
3856,tournament
3857,everyone
3858,office
3859,work
3860,90
3861,female
3862,everyone
3863,tool
3864,feild
3865,99
3866,male
3867,way
3868,people
3869,enjoy
3870,game
3871,play
3872,whats
3873,legs
3874,doesnt
3875,make
3876,difference
3877,64
3878,square
3879,believe
3880,men
3881,woman
3882,'s
3883,average
3884,iq
3885,even
3886,consider
3887,relevant
3888,factor
3889,intelligent
3890,dumb
3891,men
3892,woman
3893,distribution
3894,curve
3895,wide
3896,men
3897,say
3898,woman
3899,overall
3900,n't
3901,bad
3902,chess
3903,excel
3904,game
3905,2700s
3906,upwards
3907,likely
3908,men
3909,course
3910,could
3911,explain
3912,woman
3913,play
3914,chess
3915,overall
3916,believe
3917,combination
3918,two
3919,theory
3920,rare
3921,im
3922,girl
3923,play
3924,chess
3925,women
3926,anyone
3927,wan
3928,na
3929,friend
3930,would
3931,love
3932,female
3933,chess
3934,partner
3935,may
3936,work
3937,low
3938,rating
3939,improve
3940,look
3941,evidence
3942,check
3943,gm
3944,beat
3945,1650
3946,time
3947,odds
3948,4min
3949,40s
3950,http
3951,//www.youtube.com/watch
3952,v=rav0hb1evcq
3953,ab_channel=chessbrah
3954,one
3955,5min
3956,30s
3957,http
3958,//www.youtube.com/watch
3959,v=rgko96jrhcs
3960,ab_channel=chessbrah
3961,gm
3962,also
3963,beat
3964,wfm
3965,15s
3966,clock
3967,start
3968,game
3969,point
3970,speed
3971,important
3972,strong
3973,player
3974,see
3975,take
3976,advantage
3977,thing
3978,pretty
3979,darn
3980,fast
3981,even
3982,strong
3983,player
3984,happen
3985,guy
3986,girl
3987,n't
3988,know
3989,seem
3990,nowhere
3991,ca
3992,n't
3993,manage
3994,keep
3995,focus
3996,game
3997,like
3998,go
3999,master
4000,game
4001,usually
4002,1
4003,gm
4004,game
4005,per
4006,day
4007,take
4008,1
4009,hour
4010,play
4011,2-3
4012,hour
4013,local
4014,chess
4015,club
4016,want
4017,get
4018,otb
4019,rating
4020,1800+
4021,currently
4022,1630
4023,much
4024,time
4025,need
4026,spend
4027,chess
4028,girlfriend
4029,say
4030,focus
4031,way
4032,much
4033,chess
4034,affect
4035,personal
4036,life
4037,relationship
4038,much
4039,time
4040,need
4041,spend
4042,chess
4043,get
4044,1800+
4045,otb
4046,5-6
4047,month
4048,personal
4049,life
4050,make
4051,rapid
4052,gain
4053,time
4054,try
4055,explain
4056,think
4057,30
4058,minute
4059,every
4060,day
4061,enough
4062,go
4063,master
4064,game
4065,usually
4066,1
4067,gm
4068,game
4069,per
4070,day
4071,take
4072,1
4073,hour
4074,play
4075,2-3
4076,hour
4077,local
4078,chess
4079,club
4080,want
4081,get
4082,otb
4083,rating
4084,1800+
4085,currently
4086,1630
4087,much
4088,time
4089,need
4090,spend
4091,chess
4092,girlfriend
4093,say
4094,focus
4095,way
4096,much
4097,chess
4098,affect
4099,personal
4100,life
4101,relationship
4102,much
4103,time
4104,need
4105,spend
4106,chess
4107,get
4108,1800+
4109,otb
4110,5-6
4111,month
4112,personal
4113,life
4114,make
4115,rapid
4116,gain
4117,time
4118,try
4119,explain
4120,think
4121,30
4122,minute
4123,every
4124,day
4125,enough
4126,go
4127,master
4128,game
4129,usually
4130,1
4131,gm
4132,game
4133,per
4134,day
4135,take
4136,1
4137,hour
4138,play
4139,2-3
4140,hour
4141,local
4142,chess
4143,club
4144,want
4145,get
4146,otb
4147,rating
4148,1800+
4149,currently
4150,1630
4151,much
4152,time
4153,need
4154,spend
4155,chess
4156,girlfriend
4157,say
4158,focus
4159,way
4160,much
4161,chess
4162,affect
4163,personal
4164,life
4165,relationship
4166,much
4167,time
4168,need
4169,spend
4170,chess
4171,get
4172,1800+
4173,otb
4174,5-6
4175,month
4176,personal
4177,life
4178,make
4179,rapid
4180,gain
4181,time
4182,try
4183,explain
4184,think
4185,30
4186,minute
4187,every
4188,day
4189,enough
4190,'ve
4191,notice
4192,"1,655"
4193,male
4194,fide
4195,grandmaster
4196,thing
4197,37
4198,woman
4199,grandmaster
4200,simply
4201,popular
4202,interest
4203,gender
4204,like
4205,stem
4206,field
4207,something
4208,completely
4209,different
4210,female
4211,significantly
4212,less
4213,clever
4214,male
4215,candidate
4216,master
4217,rank
4218,2200
4219,fide
4220,woman
4221,candidate
4222,master
4223,1900
4224,men
4225,4
4226,time
4227,likely
4228,autistic
4229,woman
4230,...
4231,'ve
4232,notice
4233,"1,655"
4234,male
4235,fide
4236,grandmaster
4237,thing
4238,37
4239,woman
4240,grandmaster
4241,simply
4242,popular
4243,interest
4244,gender
4245,like
4246,stem
4247,field
4248,something
4249,completely
4250,different
4251,'m
4252,female
4253,know
4254,n't
4255,really
4256,know
4257,friend
4258,think
4259,'s
4260,slow
4261,boring
4262,game
4263,take
4264,lot
4265,time
4266,interest
4267,like
4268,sport
4269,shopping
4270,may
4271,find
4272,online
4273,chess
4274,quite
4275,fun
4276,talk
4277,people
4278,'s
4279,topic
4280,'s
4281,talk
4282,lot
4283,hypothesis
4284,simply
4285,average
4286,boy
4287,average
4288,girl
4289,gravitate
4290,toward
4291,different
4292,interest
4293,young
4294,age
4295,'m
4296,female
4297,know
4298,n't
4299,really
4300,know
4301,friend
4302,think
4303,'s
4304,slow
4305,boring
4306,game
4307,take
4308,lot
4309,time
4310,interest
4311,like
4312,sport
4313,shopping
4314,may
4315,find
4316,online
4317,chess
4318,quite
4319,fun
4320,talk
4321,people
4322,haha
4323,funny
4324,im
4325,girl
4326,yeah
4327,different
4328,interest
4329,also
4330,woman
4331,tend
4332,gravitate
4333,bit
4334,towards
4335,art
4336,craft
4337,men
4338,rather
4339,competition
4340,care
4341,long
4342,one
4343,play
4344,enjoy
4345,female
4346,player
4347,little
4348,chess
4349,set
4350,'d
4351,modded
4352,daughter
4353,pinks
4354,purples
4355,reds
4356,oranges
4357,trouble
4358,differentiate
4359,horsie
4360,lady
4361,queen
4362,yet
4363,quit
4364,certainly
4365,n't
4366,trouble
4367,differentiate
4368,horsie
4369,lady
4370,queen
4371,yet
4372,quit
4373,certainly
4374,n't
4375,trouble
4376,differentiate
4377,horsie
4378,lady
4379,queen
4380,yet
4381,quit
4382,certainly
4383,n't
4384,yeah
4385,really
4386,dumb
4387,sister
4388,900
4389,somehow
4390,get
4391,pair
4392,2000
4393,rat
4394,somehow
4395,king
4396,flag
4397,opponent
4398,end
4399,draw
4400,king
4401,yeah
4402,really
4403,dumb
4404,sister
4405,900
4406,somehow
4407,get
4408,pair
4409,2000
4410,rat
4411,somehow
4412,king
4413,flag
4414,opponent
4415,end
4416,draw
4417,king
4418,'re
4419,welcome
4420,``
4421,girl
4422,colour
4423,''
4424,matter
4425,woman
4426,girl
4427,others
4428,find
4429,ridiculous
4430,prefer
4431,stick
4432,traditional
4433,colour
4434,'m
4435,try
4436,encourage
4437,10yo
4438,daughter
4439,play
4440,casually
4441,perhaps
4442,learn
4443,little
4444,love
4445,pink
4446,purples.the
4447,bug
4448,chessmaster
4449,always
4450,go
4451,annoy
4452,'s
4453,abandon
4454,unfortunately
4455,even
4456,'ve
4457,choose
4458,128
4459,set
4460,chess
4461,set
4462,load
4463,another
4464,'s
4465,recoloured
4466,find
4467,3rd
4468,different
4469,chess
4470,set
4471,different
4472,shape
4473,load
4474,2
4475,colour
4476,n't
4477,change
4478,go
4479,directly
4480,two
4481,base
4482,3d
4483,model
4484,'s
4485,also
4486,tool
4487,available
4488,build
4489,new
4490,3d
4491,model
4492,effort
4493,reverse
4494,engineer
4495,file
4496,format
4497,never
4498,worth
4499,let
4500,alone
4501,couple
4502,chess.com
4503,coach
4504,recent
4505,wgm
4506,happy
4507,get
4508,insight
4509,im
4510,well
4511,need
4512,improvement
4513,honestly
4514,nice
4515,someone
4516,untangle
4517,stuff
4518,sew
4519,together
4520,head
4521,currently
4522,chessable
4523,couple
4524,course
4525,pleased
4526,far
4527,also
4528,mother
4529,stalemate
4530,eh
4531,people
4532,get
4533,upset
4534,lose
4535,like
4536,people
4537,also
4538,block
4539,reason
4540,include
4541,titled
4542,player
4543,example
4544,wim
4545,get
4546,mad
4547,losiing
4548,queen
4549,game
4550,blogged
4551,block
4552,well
4553,yeah
4554,think
4555,normal
4556,reasoning
4557,regardless
4558,whether
4559,dirty
4560,flagging
4561,really
4562,bad
4563,game
4564,big
4565,upset
4566,good
4567,understand
4568,opponent
4569,feel
4570,recognize
4571,misfortune
4572,anyone
4573,good
4574,day
4575,bad
4576,day
4577,hope
4578,explanation
4579,help
4580,go
4581,check
4582,blog
4583,go
4584,bit
4585,deep
4586,recognize
4587,others
4588,fault
4589,lose
4590,called
4591,wim
4592,botez
4593,gambit
4594,chooses
4595,female
4596,streamer
4597,appeal
4598,simps
4599,im
4600,talk
4601,female
4602,streamer
4603,chooses
4604,female
4605,streamer
4606,appeal
4607,simps
4608,im
4609,talk
4610,female
4611,streamer
4612,imo
4613,every
4614,female
4615,streamer
4616,gon
4617,na
4618,simps
4619,ca
4620,n't
4621,really
4622,prevent
4623,imo
4624,every
4625,female
4626,streamer
4627,gon
4628,na
4629,simps
4630,ca
4631,n't
4632,really
4633,prevent
4634,imo
4635,every
4636,female
4637,streamer
4638,gon
4639,na
4640,simps
4641,ca
4642,n't
4643,really
4644,prevent
4645,imo
4646,every
4647,female
4648,streamer
4649,gon
4650,na
4651,simps
4652,ca
4653,n't
4654,really
4655,prevent
4656,imo
4657,every
4658,female
4659,streamer
4660,gon
4661,na
4662,simps
4663,ca
4664,n't
4665,really
4666,prevent
4667,imo
4668,every
4669,female
4670,streamer
4671,gon
4672,na
4673,simps
4674,ca
4675,n't
4676,really
4677,prevent
4678,let
4679,sister
4680,try
4681,get
4682,someone
4683,help
4684,learn
4685,beat
4686,mother
4687,heffing
4688,1200
4689,rating
4690,player
4691,maby
4692,edge
4693,post
4694,secondary
4695,education
4696,full
4697,time
4698,work
4699,world
4700,come
4701,woman
4702,house
4703,family
4704,usual
4705,life
4706,curvballs
4707,find
4708,time
4709,``
4710,fun
4711,''
4712,stuff
4713,get
4714,hard
4715,crossroad
4716,soon
4717,need
4718,pick
4719,path
4720,go
4721,play
4722,best
4723,chess
4724,saturday
4725,vacation
4726,week
4727,work
4728,10
4729,hour
4730,day
4731,brain
4732,cant
4733,function
4734,5pm
4735,blunder
4736,lol
4737,id
4738,focus
4739,build
4740,good
4741,life
4742,whatever
4743,time
4744,fun
4745,gruenfeld
4746,seem
4747,best
4748,option
4749,win
4750,least
4751,qg
4752,chigorin
4753,solid
4754,defense
4755,win
4756,draw
4757,botvinnik
4758,semi-slav
4759,probably
4760,fun
4761,white
4762,almost
4763,never
4764,go
4765,guy
4766,gal
4767,play
4768,london
4769,'s
4770,give
4771,difficulty
4772,little
4773,sister
4774,heidi
4775,also
4776,flareon
4777,n't
4778,worry
4779,dance
4780,like
4781,sister
4782,brother
4783,law
4784,sister
4785,site
4786,host
4787,server
4788,.....
4789,determined
4790,wgm
4791,gm
4792,trans
4793,person
4794,specific
4795,requirement
4796,people
4797,n't
4798,identify
4799,male
4800,female
4801,opinions
4802,hi
4803,love
4804,xqc
4805,dominate
4806,pogchamps
4807,u
4808,think
4809,maybe
4810,year
4811,coach
4812,hikaru
4813,top
4814,grandmaster
4815,like
4816,gothamchess
4817,botez
4818,sister
4819,could
4820,win
4821,world
4822,champ
4823,dont
4824,think
4825,yet
4826,magnus
4827,best
4828,ever
4829,think
4830,could
4831,make
4832,quarter
4833,final
4834,something
4835,like
4836,determined
4837,wgm
4838,gm
4839,trans
4840,person
4841,specific
4842,requirement
4843,people
4844,n't
4845,identify
4846,male
4847,female
4848,opinions
4849,look
4850,game
4851,bodnaruk
4852,v
4853,nasyrova
4854,play
4855,woman
4856,'s
4857,section
4858,moscow
4859,open
4860,white
4861,finish
4862,ekaterina
4863,nasyrova
4864,queen
4865,sac
4866,follow
4867,anastasia
4868,'s
4869,mate
4870,’
4871,think
4872,change
4873,chess
4874,master
4875,biological
4876,male
4877,pretending
4878,female
4879,deserve
4880,title
4881,switch
4882,woman
4883,’
4884,title
4885,mean
4886,technically
4887,’
4888,woman
4889,female
4890,pretending
4891,man
4892,serve
4893,title
4894,switch
4895,technically
4896,even
4897,male
4898,ok.
4899,title
4900,everyone
4901,title
4902,solely
4903,woman
4904,woman
4905,genetically
4906,surgically
4907,modify
4908,qualify
4909,later
4910,another
4911,problem
4912,solve
4913,follow
4914,question
4915,seperate
4916,title
4917,mentally
4918,fully
4919,grow
4920,men
4921,woman
4922,right
4923,point
4924,seperating
4925,gender
4926,sport
4927,physical
4928,mental
4929,im
4930,aware
4931,difference
4932,follow
4933,question
4934,seperate
4935,title
4936,mentally
4937,fully
4938,grow
4939,men
4940,woman
4941,right
4942,point
4943,seperating
4944,gender
4945,sport
4946,physical
4947,mental
4948,im
4949,aware
4950,difference
4951,sherlock
4952,holmes
4953,would
4954,know
4955,basic
4956,chess
4957,deduction
4958,develop
4959,control
4960,centre
4961,etc
4962,deduction
4963,would
4964,n't
4965,know
4966,opening
4967,might
4968,look
4969,opponent
4970,see
4971,manner
4972,clothes
4973,recover
4974,alocoholic
4975,perhaps
4976,offer
4977,buy
4978,drink
4979,might
4980,perceive
4981,opponent
4982,keep
4983,look
4984,watch
4985,determine
4986,frighten
4987,upset
4988,wife
4989,late
4990,sherlock
4991,would
4992,play
4993,slow
4994,game
4995,perhaps
4996,look
4997,watch
4998,order
4999,make
5000,fellow
5001,ill
5002,ease.or
5003,might
5004,see
5005,minute
5006,drop
5007,blood
5008,opponent
5009,sleeve
5010,deduce
5011,local
5012,serial
5013,murderer
5014,call
5015,police
5016,claim
5017,game
5018,hi
5019,lady
5020,gent
5021,hi
5022,lady
5023,gent
5024,yea
5025,think
5026,hot
5027,chick
5028,get
5029,know
5030,n't
5031,geek
5032,internet
5033,day
5034,woman
5035,international
5036,master
5037,china
5038,current
5039,history
5040,student
5041,university
5042,college
5043,london
5044,thorough
5045,research
5046,chess
5047,history
5048,culture
5049,development
5050,almost
5051,year
5052,call
5053,fellow
5054,“
5055,chess
5056,historian
5057,”
5058,well
5059,dont
5060,u
5061,wim
5062,mark
5063,flag
5064,uk
5065,..
5066,play
5067,hyperbullet
5068,arena
5069,gamee
5070,low
5071,rat
5072,playerbaby
5073,sister
5074,constantly
5075,annoy
5076,never
5077,even
5078,baby
5079,wife
5080,give
5081,1
5082,hour
5083,undisturbed
5084,time
5085,day
5086,go
5087,walk
5088,play
5089,chess
5090,golamaaljr
5091,'m
5092,sure
5093,something
5094,like
5095,``
5096,random
5097,ryan
5098,''
5099,think
5100,2233
5101,peak
5102,idk
5103,shut
5104,cus
5105,sister
5106,take
5107,rating
5108,trusted
5109,never
5110,post
5111,play
5112,chess
5113,since
5114,kid
5115,'m
5116,good
5117,...
5118,yet
5119,like
5120,play
5121,'ve
5122,eye
5123,dgt
5124,centaur
5125,quite
5126,time
5127,finally
5128,pull
5129,trigger
5130,today
5131,'m
5132,pretty
5133,excite
5134,``
5135,someone
5136,''
5137,play
5138,wo
5139,n't
5140,laugh
5141,make
5142,stupid
5143,move
5144,complain
5145,'m
5146,take
5147,long
5148,move
5149,fun
5150,tell
5151,someone
5152,...
5153,wife
5154,n't
5155,understand
5156,thanks
5157,listen
5158,ugly
5159,e
5160,girl
5161,ugly
5162,e
5163,girl
5164,ugly
5165,e
5166,girl
5167,ugly
5168,e
5169,girl
5170,ugly
5171,e
5172,girl
5173,verify
5174,top
5175,100
5176,many
5177,female
5178,player
5179,sitehttps
5180,//2700chess.com/
5181,per-page=100
5182,according
5183,2700
5184,site
5185,13
5186,woman
5187,fide
5188,rating
5189,2500
5190,'s
5191,hard
5192,imagine
5193,'d
5194,among
5195,top
5196,player
5197,since
5198,may
5199,100
5200,active
5201,gms
5202,world
5203,...
5204,60
5205,woman
5206,top
5207,200
5208,seem
5209,...
5210,let
5211,'s
5212,put
5213,nicely
5214,...
5215,mislead
5216,best
5217,think
5218,name
5219,use
5220,dark
5221,mythology
5222,sister
5223,devil
5224,think
5225,everyone
5226,able
5227,play
5228,want
5229,want
5230,girl
5231,beat
5232,men
5233,chess
5234,go
5235,'s
5236,interest
5237,assiduous
5238,player
5239,men
5240,'s
5241,men
5242,play
5243,competition
5244,whereas
5245,woman
5246,play
5247,fun
5248,want
5249,girl
5250,beat
5251,men
5252,chess
5253,go
5254,'s
5255,interest
5256,assiduous
5257,player
5258,men
5259,'s
5260,men
5261,play
5262,competition
5263,whereas
5264,woman
5265,play
5266,fun
5267,woman
5268,make
5269,different
5270,want
5271,girl
5272,beat
5273,men
5274,chess
5275,go
5276,want
5277,girl
5278,beat
5279,men
5280,chess
5281,go
5282,'s
5283,interest
5284,assiduous
5285,player
5286,men
5287,'s
5288,men
5289,play
5290,competition
5291,whereas
5292,woman
5293,play
5294,fun
5295,imagine
5296,transgenders
5297,allow
5298,play
5299,woman
5300,'s
5301,chess
5302,tournament
5303,right
5304,wfm
5305,n't
5306,remember
5307,lol
5308,woman
5309,'s
5310,would
5311,gaprindashvili
5312,chess
5313,play
5314,90
5315,male
5316,time
5317,lady
5318,acheived
5319,high
5320,standard
5321,mention
5322,exceptional
5323,accomplishment
5324,gender-separate
5325,event
5326,gender-specific
5327,title
5328,encourage
5329,female
5330,participate
5331,chess
5332,people
5333,actually
5334,take
5335,time
5336,think
5337,instead
5338,ask
5339,forum
5340,think
5341,would
5342,bring
5343,woman
5344,game
5345,chess
5346,give
5347,woman
5348,start
5349,play
5350,high
5351,chance
5352,get
5353,invest
5354,chess
5355,seriously
5356,title
5357,without
5358,demotivated
5359,also
5360,cm
5361,title
5362,give
5363,weak
5364,player
5365,country
5366,promote
5367,chess
5368,rare
5369,chess
5370,player
5371,dont
5372,get
5373,demotivated
5374,next
5375,time
5376,instead
5377,ask
5378,rudely
5379,maybe
5380,think
5381,5
5382,second
5383,use
5384,brain
5385,yes
5386,saw
5387,yet
5388,another
5389,thread
5390,ask
5391,different
5392,title
5393,men
5394,woman
5395,well
5396,go
5397,library
5398,look
5399,look
5400,like
5401,total
5402,moron
5403,hand
5404,could
5405,look
5406,back
5407,thu
5408,pile
5409,thread
5410,site
5411,find
5412,answer
5413,look
5414,like
5415,total
5416,moron
5417,lol
5418,people
5419,actually
5420,take
5421,time
5422,think
5423,instead
5424,ask
5425,forum
5426,think
5427,would
5428,bring
5429,woman
5430,game
5431,chess
5432,give
5433,woman
5434,start
5435,play
5436,high
5437,chance
5438,get
5439,invest
5440,chess
5441,seriously
5442,title
5443,without
5444,demotivated
5445,also
5446,cm
5447,title
5448,give
5449,weak
5450,player
5451,country
5452,promote
5453,chess
5454,rare
5455,chess
5456,player
5457,dont
5458,get
5459,demotivated
5460,next
5461,time
5462,instead
5463,ask
5464,rudely
5465,maybe
5466,think
5467,5
5468,second
5469,use
5470,brain
5471,idk
5472,maybe
5473,encourage
5474,female
5475,play
5476,chess
5477,make
5478,gm
5479,title
5480,easy
5481,past
5482,woman
5483,allow
5484,participate
5485,quite
5486,activity
5487,allow
5488,vote
5489,allow
5490,saloon
5491,allow
5492,lawyer
5493,architect
5494,doctor
5495,--
5496,list
5497,long
5498,allow
5499,coffehouses
5500,pub
5501,gentleman
5502,'s
5503,club
5504,place
5505,chess
5506,play
5507,course
5508,woman
5509,chess
5510,player
5511,play
5512,serious
5513,play
5514,home
5515,amusement
5516,ok
5517,past
5518,woman
5519,allow
5520,participate
5521,quite
5522,activity
5523,allow
5524,vote
5525,allow
5526,saloon
5527,allow
5528,lawyer
5529,architect
5530,doctor
5531,--
5532,list
5533,long
5534,allow
5535,coffehouses
5536,pub
5537,gentleman
5538,'s
5539,club
5540,place
5541,chess
5542,play
5543,course
5544,woman
5545,chess
5546,player
5547,play
5548,serious
5549,play
5550,home
5551,amusement
5552,ok
5553,woman
5554,different
5555,men
5556,n't
5557,notice
5558,many
5559,thing
5560,men
5561,good
5562,woman
5563,many
5564,thing
5565,woman
5566,good
5567,men
5568,woman
5569,know
5570,inferior
5571,men
5572,come
5573,chess
5574,title
5575,compete
5576,fair
5577,opposition
5578,time
5579,cry
5580,sexism
5581,misogyny
5582,good
5583,commentator
5584,say
5585,judit
5586,polgar
5587,great
5588,time
5589,woman
5590,'s
5591,chess
5592,yifan
5593,would
5594,beat
5595,hand
5596,blindfold
5597,upside
5598,two
5599,lady
5600,need
5601,settle
5602,score
5603,commentator
5604,say
5605,judit
5606,polgar
5607,great
5608,time
5609,woman
5610,'s
5611,chess
5612,yifan
5613,would
5614,beat
5615,hand
5616,blindfold
5617,upside
5618,two
5619,lady
5620,need
5621,settle
5622,score
5623,cant
5624,understand
5625,many
5626,people
5627,site
5628,emotionally
5629,needy
5630,op
5631,thread
5632,come
5633,complete
5634,stranger
5635,internet
5636,validation
5637,think
5638,something
5639,good
5640,want
5641,recognition
5642,someone
5643,--
5644,anyone
5645,see
5646,time
5647,thread
5648,title
5649,like
5650,``
5651,rating
5652,1500
5653,good
5654,one
5655,year
5656,''
5657,``
5658,beat
5659,first
5660,2000+
5661,opponent
5662,''
5663,one
5664,cares
5665,people
5666,wrap
5667,life
5668,care
5669,random
5670,stranger
5671,get
5672,98.6
5673,accuracy
5674,rating
5675,need
5676,emotional
5677,validation
5678,life
5679,go
5680,ask
5681,mother
5682,love
5683,cant
5684,understand
5685,many
5686,people
5687,site
5688,emotionally
5689,needy
5690,op
5691,thread
5692,come
5693,complete
5694,stranger
5695,internet
5696,validation
5697,think
5698,something
5699,good
5700,want
5701,recognition
5702,someone
5703,--
5704,anyone
5705,see
5706,time
5707,thread
5708,title
5709,like
5710,``
5711,rating
5712,1500
5713,good
5714,one
5715,year
5716,''
5717,``
5718,beat
5719,first
5720,2000+
5721,opponent
5722,''
5723,one
5724,cares
5725,people
5726,wrap
5727,life
5728,care
5729,random
5730,stranger
5731,get
5732,98.6
5733,accuracy
5734,rating
5735,need
5736,emotional
5737,validation
5738,life
5739,go
5740,ask
5741,mother
5742,love
5743,cant
5744,understand
5745,many
5746,people
5747,site
5748,emotionally
5749,needy
5750,op
5751,thread
5752,come
5753,complete
5754,stranger
5755,internet
5756,validation
5757,think
5758,something
5759,good
5760,want
5761,recognition
5762,someone
5763,--
5764,anyone
5765,see
5766,time
5767,thread
5768,title
5769,like
5770,``
5771,rating
5772,1500
5773,good
5774,one
5775,year
5776,''
5777,``
5778,beat
5779,first
5780,2000+
5781,opponent
5782,''
5783,one
5784,cares
5785,people
5786,wrap
5787,life
5788,care
5789,random
5790,stranger
5791,get
5792,98.6
5793,accuracy
5794,rating
5795,need
5796,emotional
5797,validation
5798,life
5799,go
5800,ask
5801,mother
5802,love
5803,wot
5804,girl
5805,play
5806,boi
5807,opening
5808,'s
5809,strong
5810,player
5811,'s
5812,attractive
5813,player
5814,'s
5815,wfm
5816,expert
5817,buffalo
5818,girl
5819,see
5820,fischer
5821,claim
5822,could
5823,beat
5824,woman
5825,knight
5826,odds
5827,good
5828,n't
5829,think
5830,anyone
5831,give
5832,knight
5833,away
5834,polgar
5835,ju
5836,wenjun
5837,expect
5838,win
5839,fischer
5840,claim
5841,could
5842,beat
5843,woman
5844,knight
5845,odds
5846,good
5847,n't
5848,think
5849,anyone
5850,give
5851,knight
5852,away
5853,polgar
5854,ju
5855,wenjun
5856,expect
5857,win
5858,men
5859,good
5860,female
5861,first
5862,take
5863,account
5864,woman
5865,world
5866,champion
5867,http
5868,//en.wikipedia.org/wiki/women
5869,27s_world_chess_championshipbesides
5870,question
5871,controversial
5872,early
5873,similar
5874,thread
5875,may
5876,attract
5877,bad
5878,comment
5879,order
5880,prevent
5881,inappropriate
5882,comment
5883,'d
5884,like
5885,say
5886,following
5887,chess.com
5888,friendly
5889,community
5890,please
5891,best
5892,behavior
5893,respect
5894,interact
5895,others
5896,failure
5897,follow
5898,rule
5899,may
5900,result
5901,comment
5902,remove
5903,account
5904,close
5905,one
5906,guy
5907,somehow
5908,get
5909,99
5910,rating
5911,get
5912,many
5913,girlfriend
5914,crush
5915,death
5916,one
5917,guy
5918,somehow
5919,get
5920,99
5921,rating
5922,get
5923,many
5924,girlfriend
5925,crush
5926,death
5927,girl
5928,think
5929,'s
5930,huge
5931,...
5932,talent
5933,...
5934,could
5935,play
5936,beth
5937,harmon
5938,well
5939,film
5940,viktor
5941,korchnoi
5942,dramatic
5943,fight
5944,anatoly
5945,karpov
5946,disadvantage
5947,stun
5948,woman
5949,happy
5950,end
5951,beated
5952,fm
5953,wim
5954,everybody
5955,know
5956,least
5957,title
5958,movie
5959,``
5960,without
5961,daughter
5962,''
5963,little
5964,lady
5965,sit
5966,coffee
5967,table-
5968,n't
5969,even
5970,look
5971,board
5972,'s
5973,already
5974,play
5975,mind
5976,'s
5977,mostly
5978,raise
5979,revenue
5980,``
5981,title
5982,''
5983,joke
5984,chess
5985,community
5986,still
5987,get
5988,nice
5989,id
5990,card
5991,picture
5992,probably
5993,useful
5994,impress
5995,folk
5996,n't
5997,know
5998,anything
5999,chess
6000,oh
6001,pick
6002,chick
6003,bar
6004,know
6005,chess
6006,turn
6007,lady
6008,...
6009,smiling
6010,laugh
6011,thanks
6012,reply
6013,already
6014,id
6015,suppose
6016,pick
6017,chick
6018,'m
6019,married
6020,married
6021,whipsaw24
6022,wife
6023,read
6024,post
6025,haha
6026,smiling
6027,laugh
6028,thanks
6029,reply
6030,already
6031,id
6032,suppose
6033,pick
6034,chick
6035,'m
6036,married
6037,resign
6038,phone
6039,ring
6040,wife
6041,come
6042,home
6043,etc
6044,sometimes
6045,resign
6046,win
6047,n't
6048,feel
6049,like
6050,play
6051,endgame
6052,resign
6053,player
6054,let
6055,time
6056,run
6057,purpose
6058,block
6059,accept
6060,draw
6061,offer
6062,matter
6063,position
6064,fine
6065,refer
6066,'basic
6067,burgess
6068,muller
6069,lamprecht
6070,'fundamental
6071,de
6072,la
6073,ville
6074,'must
6075,know
6076,averbach
6077,'essential
6078,others
6079,fail
6080,acknowledge
6081,lucena
6082,'s
6083,theory
6084,call
6085,bridge
6086,rest
6087,world
6088,wife
6089,call
6090,'lucena
6091,'s
6092,position
6093,'lucena
6094,'s
6095,bridge
6096,luis
6097,ramírez
6098,de
6099,lucena
6100,1465
6101,–
6102,1530
6103,challenge
6104,wfm
6105,accept
6106,without
6107,nuisance
6108,....
6109,guess
6110,opponent
6111,try
6112,challenge
6113,either
6114,’
6115,accept
6116,challenge
6117,’
6118,bug
6119,maybe
6120,mother
6121,order
6122,go
6123,buy
6124,vegetable
6125,prefer
6126,der
6127,springer
6128,knight
6129,die
6130,dame
6131,queen
6132,n't
6133,girl
6134,holy
6135,mother
6136,pearl
6137,'s
6138,bad
6139,joe
6140,biden
6141,holy
6142,mother
6143,pearl
6144,'s
6145,bad
6146,joe
6147,biden
6148,lol
6149,get
6150,beat
6151,girl
6152,hi
6153,everyone
6154,.....
6155,play
6156,team
6157,45+45
6158,league
6159,fics
6160,complete
6161,t81
6162,season
6163,well
6164,win
6165,championship
6166,personal
6167,result
6168,best
6169,ive
6170,ever
6171,5
6172,win
6173,1
6174,draw
6175,season
6176,long
6177,break
6178,next
6179,season
6180,sort
6181,look
6182,way
6183,keep
6184,motivation
6185,continue
6186,work
6187,hard
6188,chess
6189,break
6190,league
6191,play
6192,may
6193,play
6194,icc
6195,g3
6196,qualifier
6197,championship
6198,take
6199,next
6200,week
6201,im
6202,sure
6203,maybe
6204,continue
6205,read
6206,five
6207,crowns
6208,book
6209,yasser
6210,seirawan
6211,jonathon
6212,tisdell
6213,start
6214,read
6215,back
6216,perhaps
6217,work
6218,pile
6219,chess
6220,life
6221,issue
6222,accumulate
6223,study
6224,another
6225,option
6226,could
6227,arrange
6228,training
6229,game
6230,friendly
6231,titled
6232,player
6233,im
6234,sure
6235,im
6236,ready
6237,yet
6238,another
6239,thought
6240,tactical
6241,training
6242,couple
6243,season
6244,ago
6245,team
6246,also
6247,win
6248,championship
6249,end
6250,season
6251,rating
6252,climb
6253,2001
6254,unfortunatey
6255,next
6256,two
6257,season
6258,didnt
6259,well
6260,rating
6261,go
6262,way
6263,1801
6264,sometime
6265,struggle
6266,time
6267,analyze
6268,game
6269,wim
6270,anna
6271,kantane
6272,realize
6273,really
6274,need
6275,work
6276,tactic
6277,suggest
6278,study
6279,winning
6280,chess
6281,tactics
6282,juniors
6283,work
6284,book
6285,5
6286,time
6287,move
6288,woodpecker
6289,method
6290,axel
6291,smith
6292,hans
6293,tikkanen
6294,well
6295,ive
6296,complete
6297,5
6298,lap
6299,hays
6300,book
6301,feel
6302,influence
6303,recent
6304,successful
6305,season
6306,rating
6307,rise
6308,1801
6309,ro
6310,1948
6311,however
6312,im
6313,really
6314,feel
6315,like
6316,move
6317,woodpecker
6318,method
6319,yet
6320,....
6321,feel
6322,like
6323,go
6324,process
6325,tactic
6326,book
6327,hays
6328,book
6329,...
6330,work
6331,5
6332,time
6333,move
6334,another
6335,one
6336,think
6337,thats
6338,'ll
6339,want
6340,start
6341,thread
6342,keep
6343,motivation
6344,high
6345,keep
6346,track
6347,progress
6348,time
6349,time
6350,'ll
6351,make
6352,post
6353,progress
6354,book
6355,various
6356,puzzle
6357,rating
6358,'ve
6359,puzzle
6360,chess.com
6361,recently
6362,start
6363,puzzle
6364,chess24
6365,one
6366,also
6367,use
6368,monitor
6369,progress
6370,want
6371,get
6372,busy
6373,top
6374,chess
6375,board
6376,wife
6377,would
6378,n't
6379,go
6380,hat
6381,chess
6382,total
6383,patzer
6384,wife
6385,make
6386,think
6387,'s
6388,girlfriend
6389,picture
6390,clearly
6391,edit
6392,remove
6393,background
6394,decode
6395,mother
6396,fruit
6397,cakers
6398,gabor
6399,sister
6400,hungarian-american
6401,actress
6402,good
6403,chess
6404,hi
6405,13
6406,start
6407,play
6408,chess
6409,chess
6410,club
6411,10
6412,think
6413,possible
6414,become
6415,wgm
6416,future
6417,best
6418,way
6419,improve
6420,idk
6421,lot
6422,process
6423,seem
6424,likely
6425,within
6426,next
6427,20
6428,year
6429,really
6430,grind
6431,could
6432,reach
6433,wgm
6434,title
6435,generally
6436,gms
6437,wgms
6438,provide
6439,study
6440,chess
6441,entire
6442,life
6443,start
6444,around
6445,four
6446,five
6447,reach
6448,im
6449,title
6450,around
6451,teen
6452,reach
6453,gm
6454,title
6455,twenty
6456,feel
6457,like
6458,really
6459,study
6460,put
6461,heart
6462,might
6463,able
6464,become
6465,wgm
6466,thirty
6467,levy
6468,rozman
6469,good
6470,example
6471,yet
6472,become
6473,gm
6474,25
6475,past
6476,age
6477,gms
6478,get
6479,title
6480,'s
6481,never
6482,really
6483,late
6484,least
6485,opinion
6486,may
6487,extremely
6488,wrong
6489,look
6490,information
6491,'ve
6492,see
6493,around
6494,short
6495,time
6496,chess
6497,world
6498,n't
6499,think
6500,'m
6501,far
6502,cool
6503,im
6504,like
6505,super
6506,weird
6507,cool
6508,girl
6509,go
6510,fun
6511,would
6512,n't
6513,'m
6514,little
6515,girl
6516,would
6517,n't
6518,'m
6519,little
6520,girl
6521,btw
6522,watch
6523,queen
6524,gambit
6525,situation
6526,janitor
6527,teach
6528,little
6529,girl
6530,respect
6531,opponent
6532,nothing
6533,whether
6534,position
6535,learn
6536,something
6537,without
6538,queen
6539,http
6540,//tse1.mm.bing.net/th
6541,id=ogc.2a89290748b80d9f176fce893f087a77
6542,pid=api
6543,rurl=https
6544,3a
6545,2f
6546,2fmedia.giphy.com
6547,2fmedia
6548,2fgfb1q20sxkzja5wqxl
6549,2fgiphy.gif
6550,ehk=fautazipnkty9yponerq7
6551,2b2
6552,2bjkojopewswvk
6553,2bvr7g1k
6554,3d
6555,king
6556,sit
6557,like
6558,bump
6559,log
6560,wife
6561,work
6562,king
6563,bad
6564,sit
6565,around
6566,like
6567,bump
6568,log
6569,wife
6570,work
6571,girl
6572,unclear
6573,...
6574,btw
6575,elton
6576,john
6577,still
6578,sing
6579,girl
6580,course
6581,help
6582,'s
6583,alive
6584,well
6585,30
6586,second
6587,usually
6588,enough
6589,wife
6590,say
6591,wish
6592,could
6593,last
6594,60
6595,second
6596,watch
6597,2400
6598,wfm
6599,play
6600,1100
6601,odds
6602,calculate
6603,+15
6604,word
6605,wfm
6606,play
6607,without
6608,queen
6609,two
6610,minor
6611,piece
6612,maybe
6613,+2
6614,per
6615,200
6616,rating
6617,point
6618,wonder
6619,hypothetically
6620,someone
6621,want
6622,get
6623,title
6624,free
6625,membership
6626,would
6627,possible
6628,male
6629,identify
6630,female
6631,try
6632,get
6633,wcm
6634,title
6635,asking
6636,friend
6637,'s
6638,'m
6639,really
6640,ask
6641,``
6642,fide
6643,'s
6644,stance
6645,trans
6646,woman
6647,''
6648,entitle
6649,status
6650,woman
6651,actually
6652,im
6653,interested
6654,know
6655,fide
6656,'s
6657,policy
6658,around
6659,trans
6660,people
6661,man
6662,believe
6663,'re
6664,woman
6665,get
6666,womens
6667,title
6668,allow
6669,get
6670,regular
6671,title
6672,actually
6673,im
6674,interested
6675,know
6676,fide
6677,'s
6678,policy
6679,around
6680,trans
6681,people
6682,man
6683,believe
6684,'re
6685,woman
6686,get
6687,womens
6688,title
6689,allow
6690,get
6691,regular
6692,title
6693,ca
6694,n't
6695,go
6696,woman
6697,restroom
6698,wear
6699,skirt
6700,even
6701,gown
6702,even
6703,mutilate
6704,genital
6705,area
6706,bear
6707,male
6708,male
6709,ca
6710,n't
6711,go
6712,woman
6713,restroom
6714,wear
6715,skirt
6716,even
6717,gown
6718,even
6719,mutilate
6720,genital
6721,area
6722,bear
6723,male
6724,male
6725,views
6726,follower
6727,good
6728,lord
6729,want
6730,bet
6731,smarticecream
6732,love
6733,facebook
6734,cool
6735,...
6736,chick
6737,know
6738,joke
6739,old
6740,woman
6741,wife
6742,mute
6743,lot
6744,say
6745,see
6746,wgm
6747,1300
6748,rating
6749,discussion
6750,could
6751,n't
6752,participate
6753,would
6754,go
6755,go
6756,along
6757,line
6758,b
6759,like
6760,``
6761,bring
6762,game
6763,mass
6764,''
6765,``
6766,promote
6767,game
6768,''
6769,exactly
6770,win
6771,event
6772,boom
6773,wgm
6774,already
6775,rating
6776,require
6777,become
6778,wnm
6779,wcm
6780,wfm
6781,wim
6782,wgm
6783,rating
6784,require
6785,become
6786,wnm
6787,wcm
6788,wfm
6789,wim
6790,wgm
6791,rating
6792,require
6793,become
6794,wnm
6795,wcm
6796,wfm
6797,wim
6798,wgm
6799,rating
6800,require
6801,become
6802,wnm
6803,wcm
6804,wfm
6805,wim
6806,wgm
6807,rating
6808,require
6809,become
6810,wnm
6811,wcm
6812,wfm
6813,wim
6814,wgm
6815,rating
6816,require
6817,become
6818,wnm
6819,wcm
6820,wfm
6821,wim
6822,wgm
6823,age
6824,rating
6825,become
6826,wcm
6827,http
6828,//en.wikipedia.org/wiki/fide_titles
6829,woman_candidate_master_
6830,wcm
6831,yes
6832,possible
6833,nm/im/gm
6834,gender-neutral
6835,anyone
6836,compete
6837,high
6838,level
6839,competition
6840,get
6841,wim/wgm
6842,title
6843,exclusive
6844,women-only
6845,tournament
6846,objectively
6847,represent
6848,low
6849,skill
6850,rating
6851,gender-neutral
6852,title
6853,wgm
6854,may
6855,comparable
6856,skill
6857,im
6858,example
6859,titles
6860,title
6861,open
6862,door
6863,even
6864,wcm
6865,think
6866,low
6867,one
6868,get
6869,woman
6870,prefer
6871,wgm
6872,title
6873,``
6874,gm
6875,''
6876,prefer
6877,gender-neutral
6878,title
6879,n't
6880,like
6881,concept
6882,woman
6883,'s
6884,title
6885,think
6886,either
6887,approach
6888,fine
6889,personal
6890,preference
6891,women
6892,gender
6893,neutral
6894,title
6895,usually
6896,strong
6897,player
6898,though
6899,yet
6900,little
6901,sister
6902,loses
6903,best
6904,game
6905,ive
6906,see
6907,hillarious
6908,hi
6909,u
6910,mean
6911,one
6912,play
6913,without
6914,suit
6915,'s
6916,stupid
6917,-_-
6918,wow
6919,chess
6920,gentleman
6921,'s
6922,game
6923,girl
6924,play
6925,'m
6926,highly
6927,offend
6928,lol
6929,know
6930,judit
6931,polgar
6932,title
6933,gm
6934,im
6935,super-gm
6936,wgm
6937,would
6938,nice
6939,bot
6940,make
6941,become
6942,available
6943,without
6944,membership
6945,always
6946,debate
6947,great
6948,player
6949,time
6950,question
6951,whatsoever
6952,great
6953,woman
6954,chess
6955,player
6956,time
6957,...
6958,judit
6959,polgar
6960,best
6961,woman
6962,player
6963,ever
6964,best
6965,junior
6966,player
6967,gender
6968,dominate
6969,junior
6970,scene
6971,like
6972,one
6973,think
6974,'s
6975,affiliated
6976,magnus
6977,site
6978,'s
6979,bot
6980,play
6981,magnus
6982,work
6983,chess
6984,24
6985,someone
6986,chess.com
6987,prioritise
6988,bot
6989,always
6990,debate
6991,great
6992,player
6993,time
6994,question
6995,whatsoever
6996,great
6997,woman
6998,chess
6999,player
7000,time
7001,...
7002,judit
7003,polgar
7004,read
7005,book
7006,watch
7007,video
7008,spend
7009,inordinate
7010,amount
7011,time
7012,chess
7013,poor
7014,girlfriend
7015,would
7016,agree
7017,improve
7018,'m
7019,actually
7020,get
7021,bad
7022,past
7023,two
7024,day
7025,'ve
7026,drop
7027,almost
7028,300
7029,point
7030,5
7031,minute
7032,blitz
7033,'m
7034,seriously
7035,consider
7036,quit
7037,love
7038,game
7039,'s
7040,frustrating
7041,beyond
7042,belief
7043,work
7044,hard
7045,something
7046,see
7047,progress
7048,see
7049,opposite
7050,progress
7051,fact
7052,advice
7053,chess
7054,play
7055,lot
7056,mind
7057,girl
7058,different
7059,mind
7060,boy
7061,different
7062,skill
7063,set
7064,benefit
7065,different
7066,way
7067,boy
7068,mean
7069,boy
7070,good
7071,thing
7072,girl
7073,girl
7074,good
7075,thing
7076,boy
7077,chess
7078,seem
7079,something
7080,easy
7081,boy
7082,base
7083,see
7084,drones
7085,girl
7086,best
7087,friend
7088,boy
7089,best
7090,friend
7091,action
7092,figure
7093,chess
7094,play
7095,lot
7096,mind
7097,girl
7098,different
7099,mind
7100,boy
7101,different
7102,skill
7103,set
7104,benefit
7105,different
7106,way
7107,boy
7108,mean
7109,boy
7110,good
7111,thing
7112,girl
7113,girl
7114,good
7115,thing
7116,boy
7117,chess
7118,seem
7119,something
7120,easy
7121,boy
7122,base
7123,see
7124,female
7125,participation
7126,fide
7127,15
7128,percentage
7129,reflect
7130,top
7131,100
7132,best
7133,chess
7134,player
7135,modern
7136,day
7137,believe
7138,view
7139,``
7140,nothing
7141,wrong
7142,woman
7143,'s
7144,tournament
7145,simply
7146,exist
7147,encourage
7148,woman
7149,get
7150,chess
7151,''
7152,simplistic
7153,well
7154,think
7155,one
7156,ur
7157,ur
7158,honey
7159,yur
7160,make
7161,wen
7162,phone
7163,rigns
7164,u
7165,anser
7166,n
7167,vioce
7168,``
7169,wut
7170,r
7171,u
7172,wit
7173,daughter
7174,''
7175,u
7176,tell
7177,ur
7178,girl
7179,n
7180,say
7181,``
7182,dad
7183,ded
7184,''
7185,phone
7186,wfm
7187,worried
7188,feminine
7189,man
7190,brothers
7191,sister
7192,sibling
7193,chess.com
7194,god
7195,misclicks
7196,descend
7197,bless
7198,mouse
7199,slipping
7200,blunder
7201,literally
7202,every
7203,game
7204,others
7205,choose
7206,god
7207,carry
7208,blunder
7209,every
7210,game
7211,try
7212,understand
7213,thread
7214,post
7215,complain
7216,fact
7217,title
7218,give
7219,woman
7220,understand
7221,problem
7222,fact
7223,title
7224,woman
7225,effect
7226,regular
7227,title
7228,``
7229,open
7230,``
7231,title
7232,example
7233,woman
7234,go
7235,defeat
7236,magnus
7237,carlsen
7238,title
7239,say
7240,reason
7241,upset
7242,woman
7243,'s
7244,title
7245,reason
7246,let
7247,ask
7248,baddy
7249,reverse
7250,situation
7251,titled
7252,woman
7253,man
7254,men
7255,beat
7256,deserve
7257,title
7258,special
7259,women-only
7260,tournament
7261,would
7262,female
7263,chess
7264,player
7265,place
7266,like
7267,iran
7268,saudi
7269,arabia
7270,many
7271,wgm
7272,title
7273,award
7274,win
7275,game
7276,vs
7277,player
7278,rat
7279,2400+
7280,respond
7281,say
7282,'s
7283,redundant
7284,weird
7285,insult
7286,sex
7287,woman
7288,matter
7289,freak
7290,respond
7291,say
7292,'s
7293,redundant
7294,weird
7295,insult
7296,sex
7297,woman
7298,matter
7299,freak
7300,special
7301,women-only
7302,tournament
7303,would
7304,female
7305,chess
7306,player
7307,place
7308,like
7309,iran
7310,saudi
7311,arabia
7312,many
7313,wgm
7314,title
7315,award
7316,win
7317,game
7318,vs
7319,player
7320,rat
7321,2400+
7322,wait
7323,minute
7324,bednikova
7325,opening
7326,probably
7327,opening
7328,name
7329,woman
7330,chess
7331,player
7332,yes
7333,polgar
7334,variation
7335,opening
7336,variation
7337,name
7338,woman
7339,chess
7340,player
7341,think
7342,gentleman
7343,ever
7344,pc
7345,correct
7346,term
7347,today
7348,n't
7349,comment
7350,someone
7351,'s
7352,skill
7353,decide
7354,chess
7355,board
7356,play
7357,brilliant
7358,game
7359,good
7360,get
7361,``
7362,good
7363,game
7364,''
7365,comment
7366,whether
7367,n't
7368,that.i
7369,fail
7370,see
7371,need
7372,anything
7373,stroke
7374,ego
7375,unfortunately
7376,job
7377,mother
7378,significant
7379,also
7380,fail
7381,see
7382,need
7383,negative
7384,comment
7385,``
7386,pleasant
7387,lady
7388,think
7389,grandmaster
7390,deserve
7391,break
7392,sponsor
7393,best
7394,chess
7395,tournament
7396,world
7397,''
7398,discrimination
7399,toward
7400,anime
7401,lover
7402,bomb
7403,site
7404,cuteness
7405,anime
7406,gal
7407,play
7408,chess
7409,sister
7410,set
7411,game
7412,ten
7413,day
7414,always
7415,finish
7416,hour
7417,use
7418,would
7419,see
7420,'s
7421,move
7422,instantly
7423,refresh
7424,page
7425,someone
7426,advise
7427,get
7428,back
7429,instantaneous
7430,'re
7431,mother
7432,'re
7433,mother
7434,'re
7435,mother
7436,cool
7437,see
7438,alot
7439,ppl
7440,anyway
7441,like
7442,alotttt
7443,guess
7444,u
7445,think
7446,girls
7447,game
7448,maybe
7449,say
7450,girl
7451,anyway
7452,adopt
7453,girls
7454,game
7455,u
7456,ig
7457,really
7458,dont
7459,care
7460,wut
7461,u
7462,think
7463,like
7464,many
7465,ppl
7466,like
7467,guess
7468,ppl
7469,arent
7470,chess.com
7471,app
7472,alot
7473,ppl
7474,like
7475,'re
7476,mother
7477,see
7478,like
7479,london
7480,system
7481,would
7482,learn
7483,inside
7484,check
7485,levy
7486,rozman
7487,botez
7488,sister
7489,’
7490,advocate
7491,opening
7492,recommend
7493,prayer
7494,cheaper
7495,much
7496,fast
7497,india
7498,get
7499,statue
7500,blue
7501,chick
7502,twenty
7503,arm
7504,instant
7505,2000
7506,rating
7507,oh
7508,man
7509,sorry
7510,hear
7511,wife
7512,also
7513,feel
7514,sad
7515,larry
7516,though
7517,’
7518,know
7519,well
7520,may
7521,grandson
7522,good
7523,chess
7524,prayer
7525,hey
7526,``
7527,guy
7528,''
7529,notice
7530,people
7531,refer
7532,mate
7533,bro
7534,dude
7535,....
7536,realize
7537,woman
7538,girl
7539,forum
7540,.....
7541,hey
7542,``
7543,guy
7544,''
7545,notice
7546,people
7547,refer
7548,mate
7549,bro
7550,dude
7551,....
7552,realize
7553,woman
7554,girl
7555,forum
7556,.....
7557,hey
7558,``
7559,guy
7560,''
7561,notice
7562,people
7563,refer
7564,mate
7565,bro
7566,dude
7567,....
7568,realize
7569,woman
7570,girl
7571,forum
7572,.....
7573,always
7574,play
7575,d4
7576,know
7577,opponent
7578,female
7579,yes
7580,woman
7581,n't
7582,matter
7583,many
7584,female
7585,friend
7586,mostly
7587,indian
7588,could
7589,indian
7590,thing
7591,call
7592,``
7593,bro
7594,''
7595,may
7596,assumption
7597,people
7598,say
7599,bro/mate
7600,assume
7601,'re
7602,boy
7603,australia
7604,use
7605,mate
7606,time
7607,'s
7608,also
7609,fairly
7610,gender
7611,neutral
7612,many
7613,female
7614,friend
7615,mostly
7616,indian
7617,could
7618,indian
7619,thing
7620,call
7621,``
7622,bro
7623,''
7624,may
7625,assumption
7626,people
7627,say
7628,bro/mate
7629,assume
7630,'re
7631,boy
7632,australia
7633,use
7634,mate
7635,time
7636,'s
7637,also
7638,fairly
7639,gender
7640,neutral
7641,congragulations
7642,woman
7643,international
7644,master
7645,war
7646,dorotkach
7647,ein
7648,guter
7649,sportsmann
7650,dorotkach-
7651,member
7652,lady
7653,accord
7654,avatar
7655,....
7656,war
7657,dorotkach
7658,ein
7659,guter
7660,sportsmann
7661,dorotkach-
7662,member
7663,lady
7664,accord
7665,avatar
7666,....
7667,get
7668,girlfriend
7669,stop
7670,say
7671,idk
7672,ask
7673,really
7674,really
7675,good
7676,friend
7677,boyfriend
7678,get
7679,girlfriend
7680,stop
7681,say
7682,idk
7683,ask
7684,really
7685,really
7686,good
7687,friend
7688,boyfriend
7689,thank
7690,guy
7691,icyboyy
7692,’
7693,12
7694,year
7695,old
7696,ya
7697,need
7698,advice
7699,aloud
7700,girlfriend
7701,yet
7702,anyone
7703,'d
7704,like
7705,blind
7706,date
7707,cardiff
7708,uk
7709,woman
7710,outside
7711,group
7712,chess
7713,post
7714,back
7715,site
7716,extra
7717,data
7718,thanks
7719,happy
7720,mother
7721,day
7722,mom
7723,happy
7724,mother
7725,day
7726,yes
7727,happy
7728,mother
7729,'s
7730,day
7731,mother
7732,happy
7733,mother
7734,day
7735,want
7736,give
7737,huge
7738,loving
7739,shoutout
7740,mother
7741,'s
7742,world
7743,happy
7744,mother
7745,'s
7746,day
7747,everyone
7748,thank
7749,much
7750,happy
7751,mother
7752,day
7753,dude
7754,chick
7755,🤔
7756,dude
7757,chick
7758,🤔
7759,even
7760,female
7761,chess
7762,player
7763,russia
7764,hot
7765,chick
7766,play
7767,compare
7768,ugky
7769,look
7770,indian
7771,woman
7772,..
7773,lol
7774,begin
7775,admire
7776,max
7777,ernst
7778,fantastic
7779,chess
7780,piece
7781,seventy
7782,...
7783,know
7784,dorothea
7785,tanning
7786,behind
7787,every
7788,great
7789,man
7790,always
7791,great
7792,woman
7793,beat
7794,guy
7795,4
7796,time
7797,row
7798,....
7799,say
7800,weak
7801,play
7802,like
7803,girl
7804,....
7805,b1z
7806,beat
7807,wfm
7808,botez
7809,nice
7810,b1z
7811,beat
7812,wfm
7813,botez
7814,nice
7815,feeling
7816,girl
7817,🤔
7818,need
7819,pickup
7820,line
7821,try
7822,girl
7823,school
7824,'s
7825,chess
7826,club
7827,girl
7828,slap
7829,girl
7830,slap
7831,1
7832,n't
7833,count
7834,wfm
7835,invent
7836,black
7837,woman
7838,fool
7839,'m
7840,go
7841,beat
7842,hell
7843,girl
7844,become
7845,chess
7846,cam
7847,girl
7848,cam
7849,guy
7850,'s
7851,professional
7852,satisfy
7853,may
7854,internet
7855,connection
7856,recently
7857,play
7858,old
7859,windows
7860,7
7861,machine
7862,first
7863,time
7864,daughter
7865,use
7866,main
7867,computer
7868,lag
7869,terrible
7870,never
7871,play
7872,computer
7873,question
7874,like
7875,question
7876,love
7877,girlfriend
7878,answer
7879,yes
7880,name
7881,pawn
7882,arnold
7883,barry
7884,chris
7885,devin
7886,earl
7887,fiona
7888,gary
7889,harry
7890,bishops
7891,count
7892,dracula
7893,count
7894,chocula
7895,knights
7896,sir
7897,prancelot
7898,sir
7899,acha
7900,queen
7901,lady
7902,macbeth
7903,king
7904,joffrey
7905,lol
7906,'s
7907,funny
7908,successful
7909,female
7910,streamer
7911,game
7912,happen
7913,hot
7914,🤔
7915,sell
7916,know
7917,work
7918,blame
7919,men
7920,objectify
7921,😆
7922,mother
7923,dose
7924,oh
7925,shoot
7926,sirs
7927,blow
7928,help
7929,woman
7930,could
7931,offer
7932,sirs
7933,blow
7934,help
7935,woman
7936,could
7937,offer
7938,double
7939,pfp
7940,lol
7941,thanks
7942,magical
7943,girl
7944,pic
7945,double
7946,pfp
7947,lol
7948,thanks
7949,magical
7950,girl
7951,pic
7952,double
7953,pfp
7954,lol
7955,thanks
7956,magical
7957,girl
7958,pic
7959,real
7960,tournament
7961,always
7962,felt
7963,bad
7964,beat
7965,hot
7966,chick
7967,🤔
7968,apply
7969,hot
7970,chick
7971,🤔
7972,ive
7973,heard
7974,stay
7975,away
7976,sicilian
7977,beginner
7978,honestly
7979,thats
7980,time
7981,goal
7982,theres
7983,alot
7984,position
7985,alright
7986,im
7987,go
7988,attack
7989,nowwww
7990,suppose
7991,feel
7992,like
7993,im
7994,high
7995,1200s
7996,man
7997,game
7998,feel
7999,like
8000,im
8001,try
8002,impress
8003,dime
8004,something
8005,ive
8006,ever
8007,impressed
8008,mother
8009,obviously
8010,fm
8011,im
8012,gm
8013,wfm
8014,wim
8015,wgm
8016,title
8017,stay
8018,life
8019,achieve
8020,cm
8021,last
8022,otb
8023,tournament
8024,play
8025,...
8026,first
8027,round
8028,sat
8029,stroll
8030,young
8031,girl
8032,foot
8033,probably
8034,n't
8035,touch
8036,floor
8037,chair
8038,oh
8039,dame
8040,'s
8041,mute
8042,wim
8043,arianne
8044,caoili
8045,aronian
8046,'s
8047,wife
8048,play
8049,2000
8050,'s
8051,three
8052,chick
8053,girlfriend
8054,debate
8055,whether
8056,chess.com
8057,implement
8058,theme
8059,puzzle
8060,battle
8061,set
8062,example
8063,two
8064,queen
8065,trap
8066,two
8067,kind
8068,mate
8069,like
8070,smothered
8071,mate
8072,anastasia
8073,'s
8074,mate
8075,anyone
8076,know
8077,certain
8078,girlfriend
8079,debate
8080,whether
8081,chess.com
8082,implement
8083,theme
8084,puzzle
8085,battle
8086,set
8087,example
8088,two
8089,queen
8090,trap
8091,two
8092,kind
8093,mate
8094,like
8095,smothered
8096,mate
8097,anastasia
8098,'s
8099,mate
8100,anyone
8101,know
8102,certain
8103,'m
8104,sure
8105,help
8106,use
8107,stress
8108,many
8109,time
8110,work
8111,make
8112,extremely
8113,tire
8114,lot
8115,negative
8116,emotion
8117,thought
8118,keep
8119,come
8120,healthy
8121,92kg
8122,person
8123,68kg
8124,body
8125,like
8126,dead
8127,body
8128,mentally
8129,sluggish
8130,use
8131,find
8132,lot
8133,way
8134,reduce
8135,stress
8136,take
8137,antidepressant
8138,go
8139,bed
8140,early
8141,easy
8142,exercise
8143,nothing
8144,change
8145,seeing
8146,like
8147,girlfriend
8148,worried
8149,ask
8150,forum
8151,someone
8152,tell
8153,listen
8154,relax
8155,music
8156,combine
8157,yoga
8158,meditation
8159,girlfriend
8160,say
8161,could
8162,give
8163,try
8164,miraculously
8165,felt
8166,like
8167,immerse
8168,music
8169,soul
8170,cleanse
8171,worry
8172,disappear
8173,’
8174,expect
8175,way
8176,deal
8177,stress
8178,simple
8179,’
8180,sure
8181,work
8182,everyone
8183,hopefully
8184,someone
8185,stress
8186,give
8187,try
8188,clear
8189,mind
8190,thank
8191,clara
8192,much
8193,playlist
8194,usually
8195,listen
8196,http
8197,//youtu.be/fyfxb8bftwk
